{"type":"FeatureCollection","features":[{"type":"Feature","geometry":{"type":"Polygon","coordinates":[[[-87.6348710004113,30.866343999700643],[-87.63489599962733,30.8662610002184],[-87.6348660003884,30.86618399970543],[-87.63483600025117,30.86610699990171],[-87.6347679995808,30.8660710002226],[-87.6347249999231,30.865809000308776],[-87.63474400018966,30.86561000003118],[-87.63454400017312,30.865420999621335],[-87.63391399998629,30.865261999734606],[-87.63365200004546,30.86514600038316],[-87.63363000030415,30.864974000155808],[-87.6337540001527,30.864793000157167],[-87.63361699988535,30.864649000157005],[-87.63292499977423,30.864607000019806],[-87.63246299981687,30.86439200002083],[-87.63228299989181,30.864184999713213],[-87.63226100015049,30.86391399972639],[-87.63217599976169,30.863769999948154],[-87.63195599965366,30.863725999951328],[-87.63183000015528,30.863680999811038],[-87.63180699969075,30.863437000259],[-87.63194200030827,30.863193000086046],[-87.63187799983585,30.863075999643765],[-87.63170999960636,30.863057999622335],[-87.6315010002673,30.86311399993485],[-87.63144699984062,30.86290599982099],[-87.63154999977279,30.862517000357958],[-87.63155800016872,30.862181999894535],[-87.63136900002283,30.862137999940046],[-87.63104500015773,30.862284000131968],[-87.63071999956941,30.862268000237968],[-87.63042599984153,30.862169999768767],[-87.63026699983287,30.861800000037004],[-87.63006599999143,30.861449000122178],[-87.62961200042997,30.861044000047396],[-87.62899099956563,30.860594999912788],[-87.62880200031807,30.860469999672876],[-87.62868500014221,30.86025300010324],[-87.62862099966978,30.86008199974101],[-87.62836999959961,30.860038000365076],[-87.62811900042777,30.86016600010587],[-87.6278680003576,30.86018500005885],[-87.6277829999688,30.860076999707783],[-87.62779200018963,30.859868999945604],[-87.62763400000588,30.85967099984181],[-87.62720200018575,30.85923000003394],[-87.6271360000635,30.858868999772714],[-87.62693500022205,30.858481000302852],[-87.62681800004619,30.858184000321614],[-87.62681600039637,30.857930999783406],[-87.62672000013688,30.857722999993122],[-87.62623800008804,30.857662000228597],[-87.62600600028446,30.857437999925992],[-87.6260020000865,30.856832000271854],[-87.62601100030732,30.85651599990535],[-87.6259040001772,30.85622700007397],[-87.62576100006208,30.85601299999523],[-87.62572400025215,30.855957000162405],[-87.62571199965826,30.85571300023396],[-87.62581499959043,30.855440999999136],[-87.62595000020795,30.855241999795165],[-87.62594900038305,30.855132999833916],[-87.62566499980261,30.854872999765778],[-87.62547599965671,30.854847000337145],[-87.62522499958655,30.854829999757747],[-87.625072000324,30.854658999750377],[-87.62508999986733,30.854233999723675],[-87.62519199997459,30.853898999627443],[-87.62547300018198,30.853580999935982],[-87.62549200044856,30.85328299997146],[-87.625397000014,30.85309399994109],[-87.62553199973321,30.852930000029183],[-87.62578299980338,30.85283900015462],[-87.62591800042091,30.852693999701454],[-87.62595500023082,30.852016000274197],[-87.62599399969056,30.851481999849405],[-87.62597500032233,30.85102999967953],[-87.62629800036251,30.85076700005414],[-87.62640100029468,30.850521999771995],[-87.62639999957143,30.85025999978825],[-87.62637700000522,30.849935000047388],[-87.62652199977018,30.849708000170864],[-87.62672000013688,30.849599000090244],[-87.62690900028278,30.849625000170242],[-87.6270230000856,30.849560999841987],[-87.62706900011635,30.849240999873736],[-87.62708400018496,30.84913600036254],[-87.62707199959108,30.848928000007227],[-87.62692299962816,30.848639999957232],[-87.62692199980324,30.848458999976035],[-87.6270669995682,30.84825099969527],[-87.62705599969755,30.848088000272433],[-87.62697600022992,30.847825999810674],[-87.626679000129,30.847303999642406],[-87.62659700011325,30.84726499973299],[-87.62658200004464,30.847257999984873],[-87.62641600036328,30.847178000293184],[-87.62619600025525,30.847142999973297],[-87.62615299969924,30.847016999641436],[-87.62622499966925,30.846763000195466],[-87.62622399984434,30.84666399977682],[-87.62604200026948,30.846540999722073],[-87.62599399969056,30.84650900007696],[-87.62591900024582,30.846458000066235],[-87.62560399970323,30.846377999707496],[-87.62546700033421,30.846207000056935],[-87.62545599956523,30.846052999925924],[-87.62534000011259,30.84594499985681],[-87.62500600020174,30.84609600001245],[-87.62483600032243,30.846160999873415],[-87.62461399966627,30.846051999618794],[-87.6244250004187,30.845781000062196],[-87.62430499986978,30.845692999736976],[-87.62412699959455,30.845722999804355],[-87.62389800016402,30.845804999786296],[-87.6237700001175,30.845762000340624],[-87.62349899995584,30.845507999885715],[-87.62342000031312,30.845433999845284],[-87.6233409997721,30.845359999747846],[-87.62321100007576,30.845001000361712],[-87.62297099987623,30.844692999837076],[-87.62290999977687,30.84449500002439],[-87.62283699998194,30.84443300000682],[-87.62281600006554,30.84441500034256],[-87.62264600018622,30.84441599989548],[-87.62258199971382,30.844398999781145],[-87.62253499985813,30.844386999744],[-87.6224400003219,30.84430599964672],[-87.6223969997659,30.844138000369647],[-87.62245500039052,30.843844000155617],[-87.62214599969573,30.843595000143374],[-87.62168399973837,30.84320800015187],[-87.62134399997974,30.843217000097667],[-87.62113899994031,30.84318899992077],[-87.62101900028972,30.84311599997207],[-87.62101000006888,30.843050000023524],[-87.62116300022976,30.842880000180607],[-87.62119599984173,30.842792000279722],[-87.62099099980232,30.842609000148496],[-87.62064900039387,30.842398000031864],[-87.62040099979843,30.842258999759974],[-87.62038900010286,30.84223400034451],[-87.62029700004136,30.842047000067318],[-87.62023699976689,30.841900000340175],[-87.62009200000196,30.84186400005788],[-87.61984500012973,30.841858000266576],[-87.6195549997015,30.841777999928624],[-87.61929899960847,30.8416329997246],[-87.61923199966132,30.841831000044316],[-87.61916399988927,30.841948999760085],[-87.61900300023079,30.84195700024538],[-87.61890000029862,30.841898999989752],[-87.61892399968974,30.841663999871738],[-87.61890199994845,30.841501999639057],[-87.61895200017716,30.84128200004684],[-87.61882300030572,30.841106000318447],[-87.61860099964956,30.84101899992154],[-87.6183710003941,30.841005000284653],[-87.61819200029397,30.840947000224908],[-87.61808799963858,30.84077899969429],[-87.61792500033026,30.840596000351724],[-87.6174139999691,30.840473999824848],[-87.61707199966234,30.840328000368654],[-87.61698600034693,30.840197000044178],[-87.61717100029486,30.839835999878975],[-87.61713600013476,30.839673999645406],[-87.61688000004172,30.83950599997128],[-87.61634000026656,30.839039000149416],[-87.61617799988484,30.83887100013496],[-87.61615500031863,30.83870899981498],[-87.6162380001593,30.838340999823995],[-87.61627099977127,30.838143000016235],[-87.6162099996719,30.83803300028934],[-87.6160819996254,30.837901000296362],[-87.61585999986755,30.837873000110925],[-87.61561299999532,30.837808000034567],[-87.61549300034473,30.837720999732934],[-87.61537299979581,30.8375589997856],[-87.61547400007817,30.837389999868122],[-87.61550699969011,30.83723600024096],[-87.61513799961918,30.836737999985463],[-87.61494000015077,30.836429999934296],[-87.61494799964838,30.83623200004061],[-87.61505300012867,30.836150000362338],[-87.61524099955135,30.83613500037603],[-87.61523999972643,30.835988000077226],[-87.61511000003009,30.835701999810965],[-87.6150489999307,30.835488999870744],[-87.61515900043389,30.8352830000801],[-87.61542300002453,30.835311000249824],[-87.61566900007183,30.835259000038263],[-87.6157100000797,30.83503099972741],[-87.61559000042911,30.83481099995595],[-87.61538299984156,30.83448900007555],[-87.61524499974931,30.834209999899794],[-87.61505800015155,30.8341379997228],[-87.61486200033296,30.83421199998965],[-87.61476100005062,30.83428600019945],[-87.61465800011847,30.83418400027067],[-87.61446200029988,30.83410399970615],[-87.61420600020685,30.834105000137846],[-87.61396000015955,30.834157000203252],[-87.61372099978495,30.834078000048265],[-87.61282399963441,30.83362700008574],[-87.61231200034666,30.833393999873515],[-87.61204299983483,30.833307000198822],[-87.6119070002907,30.833286000212354],[-87.61175400012982,30.833403999636044],[-87.61158400025052,30.83347099971491],[-87.61140500015036,30.833412999729944],[-87.61122500022532,30.833267000330785],[-87.61075400004711,30.832710999899007],[-87.61058199961967,30.83255699970651],[-87.6103950000219,30.832506999671008],[-87.61010499959369,30.8325010000661],[-87.60990200010241,30.83264899998146],[-87.60972399982718,30.83279599999457],[-87.60936700035012,30.832812999850404],[-87.60902599986827,30.832734000131914],[-87.60866699984307,30.83263999981593],[-87.60852999957571,30.832419999963758],[-87.60832399971137,30.832170999620953],[-87.60745699969807,30.831771000084775],[-87.60704699961924,30.83156700017323],[-87.60681700036379,30.831414000147905],[-87.60664499993635,30.831245999899753],[-87.60637299994977,30.83120300010118],[-87.60616000041276,30.831203999791718],[-87.6058959999238,30.83117599996668],[-87.60570799960281,30.83105199965139],[-87.60556200001297,30.830897999882833],[-87.60548599984497,30.830950000142863],[-87.60539399978347,30.831185999960216],[-87.6052840001786,30.831384999924044],[-87.6050370003064,30.831327000221414],[-87.60486599970388,30.83115199966934],[-87.60472099993892,30.83113000029138],[-87.6045519998845,30.831402999718282],[-87.60431400023315,30.831419000132467],[-87.60410800036883,30.83117000027859],[-87.60384100040511,30.830715999908026],[-87.60348999987752,30.830219999937377],[-87.60348099965671,30.83020600026802],[-87.6031149999588,30.82966799996784],[-87.60293500003375,30.829374999873924],[-87.6028479999951,30.829163000262014],[-87.60290700044466,30.828986000194675],[-87.6030940000424,30.828948999982476],[-87.60309200039258,30.828713000065484],[-87.60304700018675,30.828354000115464],[-87.603037000141,30.82809699992837],[-87.60288300015522,30.8279060002051],[-87.60278100004795,30.82725300019546],[-87.60300100015598,30.82702399964821],[-87.60315299959363,30.82679599983398],[-87.60315199976874,30.82676000005743],[-87.60304600036184,30.82656500026178],[-87.6026930001844,30.826423000208855],[-87.60226700021205,30.82632899988446],[-87.60211800024913,30.826233999725705],[-87.60208899993683,30.82616600025271],[-87.60208100043923,30.82614699973338],[-87.60204299990608,30.8260580001739],[-87.60204200008117,30.825850999683304],[-87.6021700001277,30.82562600018667],[-87.60218699984611,30.825466999905593],[-87.601650000444,30.825389000064426],[-87.601502000306,30.82534200017902],[-87.60140699987144,30.82507099999694],[-87.60134699959698,30.82430400014371],[-87.60123500034231,30.823538999875947],[-87.60123100014435,30.823505999733378],[-87.60104100017355,30.822723999954633],[-87.60085000037785,30.821751000355288],[-87.6007919997532,30.821287999730753],[-87.60052999981238,30.820921999665046],[-87.60010200019022,30.820508000008818],[-87.59965699995129,30.82046299965354],[-87.59923000015404,30.820225000098244],[-87.59865299967062,30.819748000179814],[-87.59828100012494,30.819351000016532],[-87.59788899958947,30.818905000168773],[-87.5975170000438,30.818618999927168],[-87.59692299984194,30.81830300023442],[-87.59653399967954,30.818193000146223],[-87.59627500011175,30.81816200013371],[-87.5960530003539,30.818274999732974],[-87.59586800040597,30.818195999624322],[-87.59566099981843,30.817670000212768],[-87.5951240004163,30.81763999986327],[-87.59501999976091,30.817624000238705],[-87.5946239999258,30.817561999836386],[-87.59414199987695,30.81750099999867],[-87.59406700043219,30.817356999987886],[-87.59417700003705,30.81724499991597],[-87.59430900028153,30.817156999657627],[-87.5943639996348,30.817075999725574],[-87.59434500026653,30.817012999902584],[-87.59420700017428,30.816927999720818],[-87.59392500014197,30.816908999688085],[-87.59373599999608,30.816959999970514],[-87.59364200028476,30.816940000105014],[-87.59359299988097,30.816685999753524],[-87.59349800034472,30.816433000117676],[-87.59333199976506,30.81638200032687],[-87.59319100019803,30.81647499974353],[-87.59307400002218,30.816506000300528],[-87.59297899958763,30.816403999997895],[-87.59272900024068,30.815999000336816],[-87.59251699963025,30.815969000236844],[-87.59231699961373,30.816092000124303],[-87.59206999974151,30.816092999972227],[-87.59189300018951,30.816012999763064],[-87.59165700018795,30.81595300033399],[-87.59135099986621,30.816015000232],[-87.59102100015332,30.816047000014372],[-87.59084399970301,30.81599699986754],[-87.59054800032531,30.815733999901003],[-87.59039500016443,30.81585700008938],[-87.59019500014789,30.815919000049412],[-87.59006499955323,30.815786999738062],[-87.58965000034986,30.815433000111685],[-87.58928399975363,30.815220999806737],[-87.58880000005497,30.81512200002812],[-87.5885060003271,30.815093000284026],[-87.5882460000361,30.815084000015805],[-87.58808100017967,30.815044000270905],[-87.58793899988943,30.81492199967304],[-87.58779800032245,30.814913000160367],[-87.5876689995527,30.81508599973264],[-87.58752899981063,30.815239000316627],[-87.5872810001135,30.815199999721923],[-87.58723300043292,30.815017000221488],[-87.58727699991555,30.814641000002094],[-87.5872879997862,30.81441700033728],[-87.58712299992975,30.814427999626965],[-87.58693499960879,30.814561000126698],[-87.58686400036198,30.814459000073153],[-87.58686199981385,30.814143999677903],[-87.58671899969872,30.813940999990308],[-87.5864710000016,30.81382100004917],[-87.58611799982417,30.813821999920755],[-87.5857749996925,30.813609999917883],[-87.5856209997067,30.813549999759317],[-87.5854089999946,30.813550999633716],[-87.58520999980298,30.81371399984673],[-87.58506900023598,30.813724999988384],[-87.58474899967052,30.813543999741405],[-87.58454799982908,30.81333100001987],[-87.58433500029206,30.81319000033556],[-87.58419399982674,30.81319000033556],[-87.58407699965089,30.81334300008192],[-87.58385400006811,30.813486999938284],[-87.58364099963279,30.81342699970289],[-87.5835569999672,30.813182999645477],[-87.58355600014228,30.812887999636995],[-87.58346699955551,30.81280699996258],[-87.58319499956895,30.812767999923548],[-87.58282999969597,30.812789999650754],[-87.58255900043264,30.8127200001505],[-87.58224100041532,30.812741000005943],[-87.5819099999792,30.812569999837194],[-87.58180299984909,30.812316000274457],[-87.58154199973318,30.81215499978166],[-87.58116400033973,30.811952999639534],[-87.58102200004949,30.8118110003548],[-87.58102100022458,30.81166900008869],[-87.58108999982156,30.811425000195225],[-87.58098299969144,30.81130299963036],[-87.58075900028378,30.8112629998541],[-87.5803819998169,30.811264999650476],[-87.58017000010479,30.811285999823912],[-87.58012300024915,30.81118500004965],[-87.58026299999122,30.810991000162428],[-87.5802970003264,30.810859000023196],[-87.58024999957243,30.810766999701965],[-87.58009700030986,30.81075799979998],[-87.57975599982802,30.810881000187564],[-87.57956699968213,30.810891999882124],[-87.57937699971131,30.810619000006728],[-87.57894999991406,30.81009200008511],[-87.57879500010337,30.809878999653723],[-87.57872300013334,30.80962499992013],[-87.57860400030766,30.80939200010256],[-87.578437999728,30.80915899971997],[-87.57785299974698,30.8088560003144],[-87.57767600019497,30.80883700022817],[-87.577487999874,30.80887800016588],[-87.57721599988743,30.808778000098883],[-87.57694300007594,30.808524999695926],[-87.57659900011937,30.808119000063215],[-87.57650399968482,30.807855000198717],[-87.57660699961697,30.80744800011173],[-87.57667500028735,30.806939000293283],[-87.576389999882,30.806575000227802],[-87.57622400020064,30.80646399987838],[-87.57603500005476,30.806402999937642],[-87.57581199957367,30.80644500009073],[-87.575552000181,30.806313999828056],[-87.57497100039795,30.805655999824232],[-87.57475700013771,30.805331000287143],[-87.57453700002968,30.805058000042536],[-87.57467699977175,30.804720999660198],[-87.57459300010618,30.80448800029605],[-87.57437800002103,30.80406200034898],[-87.57428099993665,30.803604999976116],[-87.57410199983649,30.803269999862227],[-87.57349900031214,30.80287600022843],[-87.57312100002036,30.802715000120823],[-87.5727079995685,30.802614999812704],[-87.57248400016083,30.802534999954254],[-87.57233000017503,30.802392999867944],[-87.5722699999006,30.802118999771253],[-87.57237399965766,30.801905000188764],[-87.57259600031381,30.801548000340286],[-87.57260700018448,30.801395000329975],[-87.57233500019791,30.8011419997786],[-87.57207499990692,30.80108200032169],[-87.57190900022556,30.800930000346888],[-87.57188400011121,30.80060500025922],[-87.57188199956308,30.800371000163768],[-87.57175199986672,30.800199000343657],[-87.5714690000095,30.80013900029805],[-87.57117399955841,30.800130000172242],[-87.57088099965546,30.800294000017644],[-87.57058799975248,30.800569999934947],[-87.5704349995916,30.80058100003823],[-87.57035099992602,30.800439000151265],[-87.57022000040477,30.800145000381505],[-87.57006600041899,30.80003400032112],[-87.56988899996865,30.8000240001704],[-87.56970200037092,30.80022799995358],[-87.56953900016428,30.800492999948254],[-87.56937400030786,30.800473999751684],[-87.56914900017695,30.800331999706632],[-87.56879500017463,30.800181000102434],[-87.56848800002795,30.800161999844136],[-87.56825200002642,30.800112999932338],[-87.56806200005562,30.79981899993695],[-87.5678720000848,30.79959599968717],[-87.5678710002599,30.799340999757025],[-87.56801100000199,30.799168000384565],[-87.5679280001613,30.798975000181965],[-87.56804500033716,30.798821999933875],[-87.56817400020861,30.79875000023209],[-87.56808999964471,30.798588000127292],[-87.567794000267,30.7983450002298],[-87.56762799968735,30.7980510002279],[-87.56736800029465,30.79802199996117],[-87.56705100010225,30.79808399985564],[-87.56683900039015,30.798055000370432],[-87.56666000029001,30.797801000248526],[-87.56630399973953,30.797313999674877],[-87.56580699962207,30.796990999800048],[-87.56563000007006,30.796901000186256],[-87.56552399976486,30.79680899961941],[-87.56541699963473,30.796759000264164],[-87.56519400005197,30.7968210002016],[-87.56499400003544,30.796802000050768],[-87.56460200039827,30.796443999715407],[-87.56387500012704,30.796267000313655],[-87.56369500020199,30.796138000178136],[-87.56367299956236,30.79580300027387],[-87.56347300044415,30.795598000298007],[-87.56301399996151,30.79540199968266],[-87.56296200008296,30.795127999719604],[-87.56272199988345,30.79494800000593],[-87.56255200000413,30.79486300036701],[-87.56263099964686,30.794621999683827],[-87.56261899995131,30.79435599963397],[-87.56223999983462,30.79428799997307],[-87.56198100026684,30.794126000065084],[-87.56177000037964,30.79384399968846],[-87.56135000025508,30.79355300005806],[-87.56116000028427,30.7933479999142],[-87.5610840001163,30.79325100014924],[-87.56095900044284,30.79309100021174],[-87.56093900035133,30.792970999698074],[-87.5609369998032,30.79269599965999],[-87.5611540004365,30.79237700008122],[-87.56087499987893,30.792300999800446],[-87.56045700030249,30.792267999730917],[-87.56018699996577,30.792156999834813],[-87.55999799981987,30.792054999921582],[-87.55987700034434,30.791857999699616],[-87.55971999998552,30.791428999793933],[-87.55927100044694,30.791267999804784],[-87.55893199961493,30.791165999720107],[-87.55890099965279,30.790967999882362],[-87.55920799979944,30.79063200037052],[-87.55905700018671,30.790375000353258],[-87.55864899975771,30.790436999777693],[-87.55829999977824,30.790326000082793],[-87.55795099979879,30.790189999642372],[-87.55753300022238,30.790251999957796],[-87.55716499997634,30.79026299969845],[-87.55704500032573,30.790143000285255],[-87.55727100028155,30.789686000100527],[-87.55731200028943,30.78958100028143],[-87.5574379997878,30.78925599963705],[-87.55729800004572,30.789128000254742],[-87.55692999979968,30.78911199974121],[-87.55672999978314,30.789044000229843],[-87.5565790001704,30.78867499963731],[-87.55635800023747,30.788427000241985],[-87.5560579997635,30.78823900000028],[-87.5557199996547,30.788223000110545],[-87.5553110002991,30.78808799992176],[-87.55485199981646,30.78785800002109],[-87.55461199961697,30.787617999672506],[-87.55458999987565,30.7873429997585],[-87.55447900044588,30.787119999893456],[-87.55416499972821,30.786958000255524],[-87.55386599997746,30.78699400028438],[-87.55354799996014,30.78706400000179],[-87.55332799985213,30.787102999667976],[-87.55325000003432,30.787117000217044],[-87.55297999969758,30.786937000168106],[-87.55258999971025,30.78664699985225],[-87.55225999999736,30.786389999988327],[-87.5520299998436,30.786193999894756],[-87.55147099980185,30.785930000003468],[-87.55131099996828,30.785690000245193],[-87.55139800000693,30.785310999764018],[-87.55160499969615,30.784992000380203],[-87.5514740001749,30.784743999975802],[-87.55105499987525,30.784565000291597],[-87.55073600003301,30.784369000337218],[-87.55084300016314,30.78399000005241],[-87.55114299973879,30.783439000110192],[-87.55122099955659,30.783086000366445],[-87.55118000044703,30.782802999830803],[-87.55116200000536,30.78277999999067],[-87.55085900005666,30.782400000191565],[-87.55056799980352,30.781971999968594],[-87.55041600036589,30.781516999956438],[-87.5502849999463,30.781250999926037],[-87.54976100006466,30.7810129997221],[-87.54951199964432,30.780987999799414],[-87.54896600002138,30.78130000019001],[-87.54871800032426,30.78139500001644],[-87.5484689999039,30.781319000317133],[-87.54807700026674,30.780685000343798],[-87.54789700034168,30.780599000227582],[-87.54775900024943,30.780771999826676],[-87.54754099979122,30.780979000196147],[-87.54721199990325,30.780852000044646],[-87.54711999984175,30.780474000011385],[-87.54700900041199,30.780096000036185],[-87.54664899966355,30.779797000216384],[-87.5462500003537,30.779670000047847],[-87.54578099982533,30.77955099999295],[-87.54543199984587,30.779388999954094],[-87.5450810002166,30.778952999894777],[-87.54478900013855,30.778395000288626],[-87.54477099969688,30.777870999625826],[-87.54485000023791,30.777639000264834],[-87.54519699966923,30.777483000047226],[-87.54564399955798,30.777351999679013],[-87.54595200042787,30.777238999813076],[-87.54597099979613,30.777092999940066],[-87.5450329996377,30.7766750002942],[-87.54497200043666,30.776434999824478],[-87.54496099966768,30.776142999731963],[-87.54517699957775,30.775652000303452],[-87.54525399957063,30.77522200038212],[-87.54522199978358,30.774870000089336],[-87.54548899974728,30.77364799992194],[-87.54595099970464,30.772589000157975],[-87.54606799988049,30.772211000073977],[-87.5460469999641,30.77205599985116],[-87.54584699994756,30.771756000204512],[-87.54564699993104,30.771688000000218],[-87.54520400024023,30.77168199968475],[-87.54471700016852,30.771744000353518],[-87.54436800018905,30.77161600004928],[-87.54429600021905,30.771307000066383],[-87.54419900013467,30.77064100026617],[-87.54418300024115,30.770526000364757],[-87.54388100011735,30.77000299962302],[-87.54351000039658,30.769565999919756],[-87.54312000040925,30.769181000274813],[-87.54283900020184,30.768838000234055],[-87.54216200015934,30.767870000222505],[-87.54196299996771,30.767615000295947],[-87.54180099958599,30.767407000149202],[-87.54122099962785,30.76682499980639],[-87.54059999966184,30.76608000014525],[-87.54034799976675,30.765659999768083],[-87.54033799972102,30.765488000385844],[-87.5402809998196,30.765092999940872],[-87.53990900027392,30.76456199979389],[-87.5394990001951,30.764117000064527],[-87.53905899997905,30.763801000277304],[-87.53875000018257,30.76364700002449],[-87.53837100006588,30.763546000376547],[-87.537893000215,30.76338399963466],[-87.53709399997373,30.76296700027308],[-87.53688399991145,30.76271799980954],[-87.53685499959914,30.76208199995202],[-87.53683399968273,30.761807000371427],[-87.53663399966621,30.761661999883277],[-87.53628499968674,30.76157799980404],[-87.53606899977667,30.76129999984604],[-87.5359850001111,30.761192000206776],[-87.53598199973804,30.760668000036528],[-87.53593999990524,30.76024700031708],[-87.53564899965211,30.759861000014354],[-87.5357049997286,30.759233999901525],[-87.53558900027598,30.7588559998549],[-87.5354779999479,30.75862499986773],[-87.53530800006858,30.758436000378314],[-87.53528100030441,30.75834199994676],[-87.5352469999692,30.758222000083688],[-87.53528499960406,30.75804100032897],[-87.53545299983354,30.757773999788032],[-87.5354019997799,30.757448000075154],[-87.5351900000678,30.757019000331404],[-87.53520599996132,30.7563050003255],[-87.53522400040299,30.755927000358508],[-87.53523600009855,30.755445999841573],[-87.53517499999919,30.755136999667062],[-87.53498500002839,30.754983000221664],[-87.53470600036913,30.754881000262873],[-87.53452499972086,30.75448600029621],[-87.53430200013808,30.753867999741786],[-87.53429999958995,30.75353300007321],[-87.5344379996822,30.753215000051625],[-87.53442599998665,30.7528879998373],[-87.5344650003447,30.75267299982791],[-87.53478699966168,30.752431000241305],[-87.5350849995875,30.752378000218766],[-87.53529399982487,30.752360000291848],[-87.53530200022081,30.752093999950567],[-87.53522000020503,30.751629999906747],[-87.53516800032648,30.75113199990796],[-87.53522400040299,30.750539000335905],[-87.53533999985562,30.749999000017457],[-87.53524899961904,30.749778000369307],[-87.53511399989982,30.7494479999856],[-87.53447299984232,30.74896499998206],[-87.53392499967123,30.748665999942432],[-87.53385500024933,30.74862600035993],[-87.53355899997332,30.748456999991006],[-87.53348000033061,30.747997999872542],[-87.53333999969023,30.747433999618043],[-87.53300300030463,30.746923999681837],[-87.53252999957832,30.746467000349906],[-87.53198200030553,30.74623299980031],[-87.53166199974008,30.746063000060673],[-87.53162900012812,30.745657000004424],[-87.53238599963827,30.745207000300564],[-87.5326419997313,30.7448129998459],[-87.53251700005784,30.744157000279234],[-87.53251399968477,30.74365799964156],[-87.53258800020294,30.743277999778652],[-87.5325570002408,30.743198999816062],[-87.53216200023058,30.743095999894532],[-87.5316009996407,30.7433210003077],[-87.53106900026147,30.74327100017552],[-87.5310369995761,30.743252000257453],[-87.53068799959665,30.743048999923747],[-87.53030699983013,30.742932999651234],[-87.52986599978915,30.742789999755413],[-87.5297489996133,30.742701000231406],[-87.52959100032788,30.74258100017915],[-87.52958200010704,30.742417999836533],[-87.52957500043435,30.7422930002159],[-87.52998200014012,30.741766000340668],[-87.53016299989008,30.74147599978177],[-87.53023700040826,30.74126599981716],[-87.52997700011726,30.740951999641126],[-87.5292480001962,30.740916000145713],[-87.52862600040527,30.74106299993097],[-87.52807700040927,30.740632000051374],[-87.52742200010806,30.740476999940356],[-87.5265109997138,30.740532999919562],[-87.52614599984082,30.740455999746757],[-87.52587100037954,30.740221000172365],[-87.52553400009565,30.739670999667027],[-87.52544100020923,30.739212000147802],[-87.52522699994898,30.739056000191752],[-87.52463399957205,30.7388870000187],[-87.52413099960681,30.738719000201655],[-87.52359699967943,30.73828799987346],[-87.52318499995077,30.73784399982849],[-87.52290999959116,30.737687000082946],[-87.5223630001433,30.737623999980297],[-87.52159300021437,30.73758000010479],[-87.52085900027043,30.73753799999432],[-87.52029600003075,30.73739599970579],[-87.51991400043933,30.737109000354238],[-87.51977700017197,30.73692100023224],[-87.51937899978873,30.73637599971532],[-87.51907400019019,30.736272000314838],[-87.518603000012,30.73623499993679],[-87.51831400030699,30.73610600038587],[-87.51825300020761,30.736078999793595],[-87.51816000032122,30.735763999788738],[-87.51788199958855,30.734964999675633],[-87.517392999867,30.734323999890304],[-87.51678399959656,30.734168999669418],[-87.51625300004221,30.734209999777008],[-87.51587399992552,30.73438200020771],[-87.51540299974734,30.734409999656187],[-87.51513699960857,30.734305999678153],[-87.51504200007231,30.733690000001584],[-87.5149349999422,30.73327600004211],[-87.51490300015514,30.733152000081212],[-87.51463399964331,30.733041999882612],[-87.51455300035077,30.733009000339084],[-87.51409800006611,30.733220999643265],[-87.51361199981929,30.733262000154173],[-87.51312499974757,30.733145999680488],[-87.5125489999874,30.733266999838634],[-87.51214099955841,30.73370100003033],[-87.51192800002137,30.733768000108174],[-87.51174399989837,30.73344000034327],[-87.51162199969963,30.733178000011467],[-87.51128600013897,30.73299600035201],[-87.5106330003859,30.732907000274626],[-87.51051000036225,30.732789000262134],[-87.51049199992059,30.73260799981175],[-87.51049000027078,30.732590000051253],[-87.51047799967688,30.732461000253764],[-87.51061300029441,30.7320670001803],[-87.51059599967766,30.73171299971262],[-87.51022999997976,30.731504000045383],[-87.50989600006892,30.73140000001987],[-87.50957600040178,30.73120499986264],[-87.50945099983,30.73069399976094],[-87.50929699984421,30.730156000103346],[-87.50895899973541,30.72959299961555],[-87.50887400024492,30.72927900000937],[-87.50902200038291,30.72846399962485],[-87.50879200022915,30.72808500006041],[-87.50821399992083,30.72798200019832],[-87.50768199964327,30.727799999993042],[-87.50736100015122,30.72756499966941],[-87.50711599992884,30.727093999619104],[-87.50667400006296,30.726793999651328],[-87.50603499965527,30.72666499981829],[-87.50544200017667,30.7265099996349],[-87.50513699967982,30.726288000148774],[-87.5050439997934,30.726000000137063],[-87.50516400034232,30.725710000006607],[-87.50567900000313,30.725471999940073],[-87.50602799998258,30.725299999824674],[-87.5059509999897,30.725064000334335],[-87.5057069995922,30.724921000175506],[-87.50508300015147,30.724634999993707],[-87.50431400004743,30.72442799970815],[-87.50373599973912,30.724207000091514],[-87.50327799997972,30.72385400013522],[-87.50309300003178,30.723303999657563],[-87.50305899969659,30.722530000165758],[-87.5029659998102,30.72212299974503],[-87.5024310000579,30.721522000311932],[-87.50233899999637,30.72147499985782],[-87.50194399998617,30.72127400010539],[-87.50150200012028,30.721092000363846],[-87.50118300027805,30.72109299965476],[-87.50088000032936,30.721133999918848],[-87.50057599965744,30.72114800002386],[-87.49999800024743,30.720889999747683],[-87.49942099976403,30.720725999716123],[-87.4990390001726,30.720712000322088],[-87.49870400043686,30.720817999655164],[-87.49850000022235,30.72098699985169],[-87.4982859999621,30.721060999945035],[-87.49818300002994,30.720996999721518],[-87.49813299980124,30.72087799973602],[-87.49805099978546,30.720682999915983],[-87.49810500021216,30.72034499970543],[-87.49802900004417,30.720031000093297],[-87.49785999998976,30.719879000282678],[-87.49759899987386,30.719855000006152],[-87.49734000030608,30.720114000036084],[-87.49706999996934,30.72025999981794],[-87.49682800012,30.720268999691466],[-87.49648199961527,30.72017399978278],[-87.49625800020762,30.720118000329258],[-87.49575400041745,30.719974999784473],[-87.49530699963039,30.719891999722023],[-87.49520399969822,30.71987299982795],[-87.4948210002819,30.719665000051634],[-87.49467099959575,30.719657000199753],[-87.49447599960209,30.71974700023235],[-87.49401100016999,30.72003000001911],[-87.49356400028125,30.719951000304118],[-87.49325499958645,30.71971900038569],[-87.49296599988143,30.71971199984352],[-87.49278099993352,30.719913999838607],[-87.49267999965117,30.720341000193947],[-87.49241000021276,30.72045499972122],[-87.49209300002035,30.720391999938176],[-87.49184699997305,30.719724000000355],[-87.4916119997964,30.719178000234766],[-87.49143400041949,30.71902499976713],[-87.49119099984694,30.718953999911818],[-87.49110200015846,30.718922000264467],[-87.49089799994397,30.718962999907223],[-87.49071100034622,30.719012000210828],[-87.4905339998959,30.71902900010547],[-87.49025400041174,30.718972999986967],[-87.48978800025642,30.718814000217986],[-87.48942300038343,30.718662000033383],[-87.4890559999623,30.718011999863705],[-87.48877499975491,30.71764200025771],[-87.48861200044661,30.71760300025205],[-87.48857899993634,30.717595000229093],[-87.48840200038431,30.717563000130827],[-87.48829000023133,30.717580000280876],[-87.48810399956018,30.717740999963713],[-87.48782700044906,30.718137000088085],[-87.48762300023456,30.718339000293597],[-87.48731500026298,30.718380000184233],[-87.48705400014707,30.71832499978071],[-87.48657799994601,30.718181999665873],[-87.48629199971575,30.71793300003989],[-87.48598399974418,30.7176769998534],[-87.48575899961327,30.717500000002758],[-87.48546900008336,30.717373000293723],[-87.48515199989095,30.717284999795197],[-87.4849090002167,30.71723000031164],[-87.48460100024514,30.717077999947044],[-87.48445999977982,30.716861000129093],[-87.48457799978061,30.71625699999353],[-87.48462299998644,30.71591800036976],[-87.48445399993204,30.71565299993645],[-87.48422999962605,30.71557300037655],[-87.48395900036272,30.71539699987549],[-87.48362299990373,30.715310000013794],[-87.48337199983358,30.715390999914167],[-87.4832050003273,30.71556099970314],[-87.48302100020429,30.716117000245514],[-87.48257799961519,30.716907999743174],[-87.4822339996586,30.717191000139344],[-87.48189899992286,30.717313999678726],[-87.48169999973122,30.71721400020325],[-87.48161900043868,30.717172999816828],[-87.48127799995684,30.71700199967483],[-87.48126600026126,30.716527000092114],[-87.48097500000812,30.716124999618785],[-87.48053499979207,30.71575599984162],[-87.4799249996967,30.714929000227723],[-87.47951299996807,30.714511999618285],[-87.47906400042949,30.714208000121275],[-87.47829299977732,30.71371099992372],[-87.47799200037677,30.713277000093054],[-87.47811100020245,30.712785999855523],[-87.47833399978522,30.71262400024487],[-87.47886600006277,30.712670000228727],[-87.47937800024884,30.71269199967597],[-87.47973200025119,30.71264300002256],[-87.48003400037497,30.712284000053227],[-87.48006600016201,30.71224699973514],[-87.4802689996533,30.711786999981236],[-87.48018199961466,30.71128000033347],[-87.47983000016048,30.710733999871223],[-87.47949100022674,30.710001999655667],[-87.47931200012661,30.70959999978883],[-87.47906899955403,30.709528999945668],[-87.47874300003913,30.70949799967141],[-87.4783890000368,30.709547000150184],[-87.47803599985937,30.709742000090742],[-87.47780300023088,30.709880000238194],[-87.47744900022855,30.709912999975543],[-87.47715100030273,30.709914000154665],[-87.47650699987216,30.709683000213687],[-87.47546999997954,30.709259999750376],[-87.47517100022878,30.709060000212826],[-87.47509000003794,30.708601000127363],[-87.47548000002527,30.708326000032702],[-87.47561800011754,30.708100000367967],[-87.47527099978791,30.70768200015318],[-87.47465300019492,30.70704800038008],[-87.47449300036136,30.70665399994706],[-87.47463999977613,30.706299999624463],[-87.4753750004433,30.70604700011216],[-87.47586800036278,30.70582000029337],[-87.47597899979256,30.705706999908852],[-87.47601999980044,30.705464999774758],[-87.47580499971528,30.705248000089423],[-87.4752640001152,30.705218000211996],[-87.47466700043864,30.705107999809172],[-87.47434000020048,30.70495599965004],[-87.47420899978091,30.704842999798316],[-87.473947999665,30.704804000023827],[-87.47363100037091,30.704812999794964],[-87.47314500012412,30.704436999888323],[-87.47277100003029,30.704357000294316],[-87.47256699981581,30.70453499978333],[-87.4727939995965,30.70516300002629],[-87.47280399964227,30.705412000181443],[-87.47262799991516,30.705637999964406],[-87.47222799988208,30.705664000363452],[-87.47176099990186,30.70544000031997],[-87.47120000021029,30.70511199995244],[-87.47094400011724,30.705113000181328],[-87.47047799996191,30.705178999816706],[-87.47010499969302,30.705124000381137],[-87.46980599994227,30.705020999935414],[-87.46963699988788,30.704804000023827],[-87.46952399990998,30.704384999966678],[-87.46952100043524,30.7038699996452],[-87.46961199977353,30.703354000189616],[-87.4696109999486,30.70320899978005],[-87.46946100016078,30.702967999810507],[-87.46907600019631,30.70274099969886],[-87.46876400002678,30.702624000096236],[-87.4685260003754,30.702568999976545],[-87.46827000028237,30.702498999849134],[-87.4681039997027,30.70218399980583],[-87.46780800032501,30.7015210002166],[-87.46773200015703,30.70108600011163],[-87.46784099993697,30.700896000258368],[-87.4681599997792,30.700696999876804],[-87.46821400020588,30.70038899975797],[-87.46808500033444,30.700208000277758],[-87.46791999957968,30.700153000325795],[-87.46766299966174,30.700043000327828],[-87.46751700007188,30.70007500005926],[-87.4671250004347,30.700360999698407],[-87.46674200012006,30.700654999918495],[-87.46636800002625,30.700704000254287],[-87.46590100004602,30.700665999854138],[-87.46552600012728,30.70057299972651],[-87.46534500037733,30.700516000201944],[-87.46517700014783,30.700463000207254],[-87.46491199983396,30.700401000001673],[-87.4641899995856,30.70058499994734],[-87.46377899968186,30.700594999615316],[-87.46349499999972,30.70055599966853],[-87.46324800012752,30.700494000295134],[-87.46293699978291,30.700402000279404],[-87.46266999981921,30.700313999745728],[-87.46219000031851,30.700189000368137],[-87.46215900035637,30.70015099976522],[-87.46190699956297,30.69984199993734],[-87.461661000414,30.699767000272388],[-87.46130999988641,30.699767999784253],[-87.46104700012067,30.69966300000191],[-87.4608169999669,30.69933000017938],[-87.46044600024614,30.69876999979565],[-87.4599869997635,30.698270999793053],[-87.45967100029434,30.69816599992682],[-87.45921400035984,30.698167999756095],[-87.45891600043402,30.698077999671327],[-87.45866899966349,30.697866000341396],[-87.45865299976995,30.697723000020243],[-87.4586140003102,30.697365999989888],[-87.45847100019509,30.696820999884835],[-87.45829399974475,30.696563999738355],[-87.45801300043567,30.69639800019061],[-87.45750500044758,30.696748000048103],[-87.4572610000501,30.697021999615693],[-87.45692899978907,30.697220999851382],[-87.4566140001448,30.69758599978396],[-87.45626400034044,30.697754000215895],[-87.45577300007075,30.69777099999504],[-87.4551770002191,30.69784800027479],[-87.45473899965286,30.69804700035221],[-87.45414399962611,30.698427999615436],[-87.45400800008198,30.698560999786643],[-87.4538819996853,30.698687000023636],[-87.45361899991957,30.698717999909615],[-87.45324999984861,30.698688999842172],[-87.45293299965621,30.69837199989509],[-87.45261600036213,30.69819099972139],[-87.45216000025255,30.69819300032265],[-87.45187999987004,30.698451000291218],[-87.45160399968553,30.699392999816396],[-87.45130599975971,30.699591000283778],[-87.45113000003262,30.6994999996942],[-87.45090099970375,30.69912200012932],[-87.45063600028818,30.698895000238917],[-87.4502499996005,30.698850999681152],[-87.44984700009267,30.698974000206903],[-87.4495659998853,30.698959999972846],[-87.4492140004311,30.69867299974794],[-87.44912400001941,30.69832400021923],[-87.44891300013222,30.698172999715457],[-87.44871899996346,30.697916000079555],[-87.44869999969688,30.697552999692306],[-87.44880299962905,30.697158000341283],[-87.44866100023714,30.69668799963301],[-87.44848499961174,30.696592000127154],[-87.44844100012911,30.69656800023577],[-87.44787799988941,30.696417999620795],[-87.4474899995519,30.695934000042776],[-87.44715499981615,30.69563199981688],[-87.44645299965927,30.695633999698725],[-87.44624299959698,30.695619999752598],[-87.44603099988487,30.69542299996414],[-87.44573200013414,30.695181999860342],[-87.4453630000632,30.695137999927113],[-87.44501200043392,30.695123999909054],[-87.44436200015558,30.69491400016655],[-87.44367599989222,30.69453699997163],[-87.44334000033156,30.6939160001917],[-87.44310900035289,30.693447000267156],[-87.44284499986394,30.69320500028442],[-87.44277000041917,30.692986000128176],[-87.44268500003035,30.69273599999504],[-87.4422799999744,30.692373000209464],[-87.44180299994842,30.691844000175962],[-87.4413100000289,30.691375000226127],[-87.44070999997929,30.690695000287292],[-87.44061399971983,30.690599999834973],[-87.44037500024353,30.690361999649177],[-87.44034299955818,30.690353000075312],[-87.44002399971595,30.69025800005893],[-87.43904000042508,30.690079000115524],[-87.43869999976815,30.689973000221247],[-87.43864899971453,30.68995700022711],[-87.43831999982655,30.68985399981509],[-87.43772200032507,30.689628000145827],[-87.43736999997256,30.689387000250658],[-87.4369649999166,30.688932999720954],[-87.43655599966269,30.688903999803447],[-87.4364209999435,30.688790000069933],[-87.43640099985198,30.688419999627847],[-87.43630899979048,30.68840400014885],[-87.4362109998812,30.688385999862692],[-87.43573399985522,30.688300999624857],[-87.43468000024416,30.688197999763506],[-87.43410100011093,30.688199999799377],[-87.43361099966617,30.688352999715658],[-87.43296100028614,30.688370000378058],[-87.43250400035166,30.68811399976522],[-87.4320640001356,30.687720999685222],[-87.43169500006465,30.68764700028136],[-87.4311340003731,30.687769999635073],[-87.43046900002614,30.688256999645052],[-87.4301359999402,30.688258999679626],[-87.4298189997478,30.687986999996873],[-87.43011300037399,30.687091000211492],[-87.42993500009875,30.6865300002401],[-87.42944300000416,30.68638000024901],[-87.42868899996876,30.686382999973013],[-87.42830200035446,30.686323000067645],[-87.4277919998182,30.6858849997065],[-87.42773599974171,30.685158000116356],[-87.42778599997042,30.684505000011157],[-87.42748600039477,30.68424899996572],[-87.42712499982143,30.68399200033889],[-87.42661199981046,30.68305300021261],[-87.42629600034127,30.682856999959135],[-87.42608499955575,30.682842999705056],[-87.42542000010712,30.68327000036035],[-87.4249820004392,30.683361999709714],[-87.42461300036827,30.683271999725733],[-87.42433100033597,30.683061000009584],[-87.42345199972877,30.682668999909716],[-87.42269699986845,30.682384000073775],[-87.4223980001177,30.682203000050286],[-87.42216799996393,30.68193100030321],[-87.42209699981882,30.681702999686298],[-87.42212799978095,30.681334000373276],[-87.42199600043479,30.681016999829154],[-87.4217160000523,30.680913000216044],[-87.42152299970846,30.680853000001985],[-87.42131299964618,30.680815999993037],[-87.42096399966672,30.680869999667216],[-87.42049300038684,30.680976999991177],[-87.4202299997228,30.68093200005712],[-87.4199050000328,30.68038999978763],[-87.41949199958091,30.679893000005695],[-87.41924700025685,30.67969700029159],[-87.4191669998909,30.679426000161797],[-87.41907700037753,30.678889999852167],[-87.41908499987514,30.67864799969189],[-87.41905800011097,30.67854999978009],[-87.41904100039251,30.678528000275023],[-87.41862899976556,30.678363000350487],[-87.41830599972538,30.678251000002344],[-87.41792099976091,30.678145999992566],[-87.41768499975936,30.678199999614524],[-87.41745100030593,30.678471999826534],[-87.4172599996119,30.678789999955242],[-87.41716500007567,30.679031999759705],[-87.41705200009775,30.6792440002778],[-87.41690399995976,30.67931200005387],[-87.41671999983674,30.67929800005843],[-87.41612399998509,30.67872600027591],[-87.41517900015396,30.6783739997362],[-87.41455300016507,30.67821699974675],[-87.4139849999025,30.678060000274748],[-87.4137310003576,30.67800800004889],[-87.41343400025669,30.67796400001419],[-87.4129360003143,30.677919999959435],[-87.41253399973309,30.67786099994242],[-87.41220099964714,30.67773399982266],[-87.41172000032154,30.677569000086873],[-87.41092799975297,30.67715699977346],[-87.41030599996205,30.67694200006531],[-87.40968900019399,30.676645000220326],[-87.40917399963486,30.676324999700796],[-87.40880100026426,30.676003999908414],[-87.40831199964441,30.675684000355734],[-87.40777199986924,30.67547499981237],[-87.40723299991899,30.67538800026982],[-87.40675699971791,30.675289000375404],[-87.40647399986071,30.67514599983365],[-87.4063319995705,30.674879999689217],[-87.40635599985993,30.67443700032074],[-87.40669999981652,30.67377000032394],[-87.40708099958303,30.67291499986378],[-87.40738600007985,30.672259000256748],[-87.40738400043004,30.671815999685347],[-87.40715199972814,30.67157199996464],[-87.4064589997921,30.671374999784746],[-87.40613699957682,30.67119799999438],[-87.40587899983396,30.670910999911303],[-87.405838999651,30.67042299991796],[-87.40583700000117,30.670112000336665],[-87.40595099980398,30.669668000141126],[-87.40601699992622,30.6692349998768],[-87.40554499992312,30.66863800028439],[-87.40539400031038,30.667997999995965],[-87.40551399996099,30.667123000136353],[-87.40579900036633,30.66672000031748],[-87.40583299980321,30.666673000213834],[-87.40575800035843,30.666438999982205],[-87.40538699973936,30.666353999744587],[-87.40534999992944,30.66634299976289],[-87.40520299961635,30.666297999965312],[-87.40469499962825,30.666143000158677],[-87.40420099988381,30.666144000018644],[-87.40353300006214,30.665911999776018],[-87.4030869999983,30.665528999961914],[-87.40268899961504,30.66484699986146],[-87.40263699973652,30.66435599974012],[-87.40310399971673,30.663755999711082],[-87.40334700028932,30.662837000104002],[-87.40304799964024,30.66211199992361],[-87.40257700036038,30.661750999970145],[-87.40232799994001,30.661409999940055],[-87.40220200044163,30.6605990000657],[-87.40239700043531,30.660107000075435],[-87.40291399974593,30.659571999915155],[-87.40293499966234,30.6587820002794],[-87.4033270001978,30.658032999621955],[-87.40310299989183,30.657478999759533],[-87.40265600000308,30.657032000384753],[-87.40213700014431,30.656884000089622],[-87.40171700001973,30.65677800008357],[-87.40107199976428,30.656224999945774],[-87.40062800024857,30.656376000360225],[-87.40050799969967,30.657059999872097],[-87.40021200032199,30.6572530000643],[-87.39986499999233,30.657061999779955],[-87.39986300034252,30.656442000083523],[-87.39983599968002,30.65597299977275],[-87.39966300032597,30.655824000207705],[-87.39907099977397,30.656166999780133],[-87.39877600022116,30.656318000285243],[-87.39860399979372,30.65627900022855],[-87.39840499960209,30.65623299964612],[-87.39838899970857,30.656217000244766],[-87.3977850003593,30.65563800003433],[-87.39681799988855,30.654849999883357],[-87.3965950003058,30.654467000279322],[-87.39650499989412,30.65378400018175],[-87.39660000032866,30.652652000370143],[-87.39659799978052,30.652288999854235],[-87.39627399991544,30.65164900026159],[-87.39597500016468,30.650860000035998],[-87.3959199999131,30.650540999925017],[-87.39590800021753,30.650159000277633],[-87.3964260002514,30.649470999723707],[-87.39659799978052,30.64915000036836],[-87.39686700029236,30.64870100026951],[-87.39698899959278,30.64827299980244],[-87.3968639999193,30.647932000141818],[-87.39619500027271,30.64729399964126],[-87.39557900032956,30.6467940002365],[-87.39530300014503,30.64656999964607],[-87.39433599967428,30.645611999995182],[-87.39433400002447,30.64527100022524],[-87.3947790002634,30.645226999967885],[-87.39495199961745,30.645248000022928],[-87.39542000032091,30.644969000023288],[-87.39573900016315,30.64456200024512],[-87.39568700028458,30.643963999643844],[-87.39528999972626,30.643432000085006],[-87.39501600008987,30.64276999991794],[-87.39459400031546,30.642344999797107],[-87.39424799981074,30.642175000153305],[-87.39402400040308,30.641854999876845],[-87.39402199985494,30.641363999676525],[-87.39433900004735,30.640401999735253],[-87.39438599990302,30.639826000283197],[-87.3942369999401,30.639463000311697],[-87.39423500029028,30.639099999750865],[-87.39426899972715,30.638288999770445],[-87.39436499998662,30.637540999735517],[-87.39458500009465,30.63700700008015],[-87.39490499976178,30.63670699990986],[-87.39521199990844,30.636069000334725],[-87.39514900015925,30.635417999652685],[-87.39469100039986,30.634751000139165],[-87.3942930000166,30.63428999971162],[-87.39411300009155,30.633794000332998],[-87.39407200008365,30.633502000282594],[-87.39444799982729,30.633398999975174],[-87.3953979996813,30.633292999731875],[-87.39565499959924,30.632984000132012],[-87.3955540002152,30.63265900011088],[-87.39517699974833,30.632419999983885],[-87.39487899982252,30.63221500025833],[-87.39464000034621,30.631993000341026],[-87.39448100033756,30.631787999710873],[-87.39424299978789,30.63170299992548],[-87.39398500004502,30.631687000330377],[-87.39368799994409,30.63168799977372],[-87.39341000010975,30.631534000348587],[-87.39345600014052,30.631192999645087],[-87.39348700010265,30.630969000027346],[-87.39340000006399,30.63038600000243],[-87.39338599982031,30.630289000081728],[-87.39349999962312,30.629914000159097],[-87.39367899972325,30.629341000049127],[-87.39369799998984,30.629134999741567],[-87.39353800015628,30.628861000101438],[-87.39341699978245,30.628228000293685],[-87.39341500013262,30.627730999730097],[-87.39329399975881,30.627218000145003],[-87.39359099985971,30.626867999616447],[-87.39362199982186,30.62664899983233],[-87.39373399997486,30.626117999632502],[-87.39384600012785,30.625723999911674],[-87.39435400011597,30.62499800023557],[-87.3943929995757,30.624562000018983],[-87.3945750000489,30.62425500018093],[-87.39485500043138,30.624190999951068],[-87.39531900003857,30.62425300036766],[-87.39579600006454,30.62430399984523],[-87.39602700004322,30.624134999715192],[-87.39601399962444,30.623902999938874],[-87.39585399979086,30.623745000072788],[-87.39564700010162,30.623671000379506],[-87.39526799998494,30.623578000339993],[-87.39512099967185,30.623462000240337],[-87.39510800015137,30.623314000364456],[-87.39516800042584,30.62309200012632],[-87.39527700020578,30.62276500027944],[-87.39521500028148,30.622480000050878],[-87.39505500044793,30.62221600017274],[-87.39506600031856,30.62189899976887],[-87.39529499974913,30.621381000125346],[-87.39531800021365,30.6210010003853],[-87.3952799996805,30.620463000114526],[-87.39544999955982,30.620303999710668],[-87.39581500033111,30.620165999906924],[-87.39598600003534,30.62009100023356],[-87.39592400011105,30.619848999747177],[-87.39587499970726,30.61970099975856],[-87.39579900043759,30.619077999942466],[-87.39584499957003,30.618497000114502],[-87.39614800041706,30.617809999697474],[-87.39646300006133,30.617333999683364],[-87.39647499975688,30.61710199984169],[-87.39638699989334,30.61661600035716],[-87.39604399976164,30.616289999883058],[-87.39566499964498,30.61623900004877],[-87.39528700025151,30.61627099970538],[-87.39495699964031,30.616241000027607],[-87.39485399970816,30.616083000024897],[-87.39477599989036,30.615963999857495],[-87.39473599970738,30.615902999922877],[-87.39467200013327,30.61523900003699],[-87.3949130001577,30.61426599962962],[-87.39513499991556,30.613516000188444],[-87.39562000033743,30.612722999638784],[-87.39623799993042,30.611538000145153],[-87.39646800008418,30.61101999995712],[-87.39658600008497,30.610069999743075],[-87.39658400043514,30.60947900016186],[-87.39665499968193,30.60887600005478],[-87.39710599976864,30.60839399976818],[-87.39718899960931,30.60830500002877],[-87.39795299969047,30.607024999950838],[-87.39840899980005,30.60653799966896],[-87.39850500005952,30.606093999838876],[-87.39852799962574,30.605819000217256],[-87.39864899999958,30.605524000134693],[-87.39877000037339,30.605396000382868],[-87.39894100007761,30.605416999804117],[-87.39961499974709,30.605910999823358],[-87.40024999995681,30.606162999742295],[-87.40092100015154,30.6059810003391],[-87.40154200011756,30.60556700017644],[-87.40206699982411,30.605586999847723],[-87.40231700006936,30.60556499997715],[-87.40281099981378,30.605521000221],[-87.40322400026565,30.605381999735304],[-87.40328600018994,30.605361000306537],[-87.4033609996347,30.605263000334734],[-87.40348399965833,30.605102999994088],[-87.40352899986418,30.605044000386552],[-87.40356400002428,30.6045480003643],[-87.40334100044151,30.6038200001592],[-87.40341300041155,30.603534000100414],[-87.40350100027509,30.60341700021959],[-87.40390999963068,30.603102000373376],[-87.4039930003697,30.603038000078133],[-87.40408200005812,30.60303500008745],[-87.40488499959903,30.603005000175163],[-87.40490200021578,30.60300399966248],[-87.40519799959347,30.603071999708714],[-87.40566899977168,30.60339600036482],[-87.40569100041128,30.603411000261538],[-87.40608600042151,30.603257999659412],[-87.40610599961467,30.602511999770872],[-87.40600400040574,30.602328000200334],[-87.4059230002149,30.602181000241863],[-87.40569100041128,30.601764999797563],[-87.40571099960447,30.601475999818327],[-87.40584899969673,30.60137399998362],[-87.40644100024875,30.601748000141022],[-87.40652499991434,30.601742999832158],[-87.4067180002582,30.601730999708323],[-87.40685100032756,30.601667999807013],[-87.40715199972814,30.60152699969539],[-87.40758699992134,30.60086499973421],[-87.40758600009642,30.600844999861227],[-87.40756699982983,30.60027100035459],[-87.40749499985981,30.60017500018331],[-87.40735000009487,30.599981999784596],[-87.40732199960746,30.59997499984304],[-87.40691499990167,30.599863999708013],[-87.4063669997306,30.59998599964052],[-87.40584899969673,30.600101000260192],[-87.40582299975746,30.600047000322395],[-87.4054870001968,30.599357000358125],[-87.40547999962578,30.59934199983363],[-87.40547499960292,30.599331999740475],[-87.40539500013529,30.599167999766024],[-87.40531399994443,30.598777000295936],[-87.4052960004011,30.59869200013503],[-87.40541699987659,30.59862300032264],[-87.40551899998384,30.59856499964662],[-87.40553300022755,30.59855699981731],[-87.40567299996964,30.59855100033149],[-87.40592800023775,30.598540000371088],[-87.40594999997907,30.598526000279104],[-87.4062050002472,30.598370000332174],[-87.40619600002637,30.598136000327546],[-87.40619400037654,30.598083999648395],[-87.40600500023066,30.597989000194183],[-87.40598500013917,30.59797899996139],[-87.40569100041128,30.59783000000403],[-87.40545700005957,30.59754700020666],[-87.40545299986161,30.597521000099142],[-87.40544600018892,30.59741599980202],[-87.40552099963367,30.59736299971194],[-87.40712699961378,30.596238000371276],[-87.407304999889,30.59598399975393],[-87.40731400010985,30.595904999885878],[-87.40734099987402,30.595642999872258],[-87.40729599966818,30.59555200038355],[-87.40700600013828,30.594963999842616],[-87.40700299976523,30.594757999850643],[-87.40699299971949,30.59407200021102],[-87.40684100028183,30.59341899966767],[-87.4068310002361,30.593373999969085],[-87.40708099958303,30.592386000238108],[-87.40714800042849,30.592299000183925],[-87.40769200040162,30.591590000341345],[-87.40771300031803,30.59152399968529],[-87.40776699984637,30.591351000130725],[-87.407853999885,30.591074999781895],[-87.40785200023518,30.591022999953175],[-87.40785200023518,30.591011999911476],[-87.40785200023518,30.59097799991534],[-87.40785200023518,30.590966999868478],[-87.40782000044814,30.590265000204468],[-87.40778199991499,30.59010700035895],[-87.40761399968551,30.58941099993106],[-87.40771699961768,30.589274999948106],[-87.40813900029038,30.58872000012615],[-87.4081760001003,30.58867000035537],[-87.40815299963576,30.588618999897562],[-87.40802299993942,30.5883360002661],[-87.40801700009165,30.588323000137454],[-87.40749999988269,30.588150000282376],[-87.40742899973758,30.58812599975955],[-87.40741799986691,30.588122000187433],[-87.4074029997983,30.58808899984412],[-87.40731499993475,30.587896000118945],[-87.4074739999434,30.587589999939205],[-87.40766399991422,30.587474999937836],[-87.40768099963266,30.58746500016663],[-87.4076909996784,30.58745899999409],[-87.40811099980296,30.587202999761484],[-87.40879299986835,30.58632500015328],[-87.40897699999137,30.5862020001218],[-87.40917199998503,30.58607099984749],[-87.40935500028313,30.585852999742368],[-87.40922800006152,30.58545499969067],[-87.40921600036596,30.585447000325743],[-87.40920700014512,30.585441000028286],[-87.40875000021065,30.585140000224545],[-87.40874500018778,30.58513200006026],[-87.4082899999031,30.584375999732256],[-87.40803399981007,30.58394700024147],[-87.40801799991654,30.583701000174596],[-87.40831699966729,30.5835450003369],[-87.40889999999847,30.583310000166957],[-87.40913799964984,30.583044000350235],[-87.40916799978707,30.58301099982492],[-87.40919499955125,30.582323999836465],[-87.40929900020664,30.581986999666526],[-87.409761000164,30.58157099992038],[-87.410162000022,30.58096100035924],[-87.41050599997857,30.580739999682688],[-87.41080499972934,30.580622000150996],[-87.41098300000455,30.580362999731616],[-87.41099600042335,30.57984499991072],[-87.41075500039894,30.57949599984755],[-87.41042599961263,30.57958699971697],[-87.41026300030433,30.579834000147244],[-87.41003800017343,30.579885999791344],[-87.40979799997393,30.579731999961275],[-87.40981200021763,30.579395000062522],[-87.41004999986902,30.579043999953022],[-87.410274000175,30.57893999973389],[-87.41043800020653,30.57879699983042],[-87.41052199987212,30.578510000172074],[-87.41057100027591,30.578342999783192],[-87.4108239999959,30.57814799999782],[-87.41107900026402,30.578057000324705],[-87.41148299959676,30.578055000330956],[-87.41176700017719,30.578002999704932],[-87.41179599959119,30.577795000015573],[-87.41154000039649,30.577395000132373],[-87.41150900043434,30.57712300029017],[-87.41156700016066,30.57674700020735],[-87.41170000023004,30.576344999839122],[-87.41183499994926,30.57631900023122],[-87.41201499987432,30.576395999793448],[-87.41209000021739,30.576538000131542],[-87.41213700007305,30.576913000242662],[-87.41222699958642,30.57706899992361],[-87.41228699986087,30.577133000354728],[-87.41245199971732,30.57712000027058],[-87.41262999999256,30.57670499976201],[-87.41252399968734,30.576485000225755],[-87.41226799959429,30.57614899988637],[-87.41202200044533,30.575864000163733],[-87.41187699978205,30.57569699985834],[-87.41184599981992,30.575709000112184],[-87.4118309997513,30.575575000287078],[-87.41174899973554,30.575358999832947],[-87.41182200042877,30.574878999937162],[-87.41193299985855,30.574245999985408],[-87.41194700010226,30.57416900026288],[-87.41216499966215,30.57376499995366],[-87.4121909996014,30.573716000245863],[-87.41235700018107,30.573580999944195],[-87.4123730000746,30.573566000070937],[-87.41238800014321,30.573565000027752],[-87.41240400003674,30.573552000238738],[-87.41243499999888,30.573527999969187],[-87.41247600000676,30.573497000160064],[-87.41250899961874,30.573471999832762],[-87.41255200017474,30.573437999872308],[-87.41260800025124,30.573405999989593],[-87.41263599984033,30.573390000044288],[-87.41279700039712,30.573298999773428],[-87.41310500036872,30.573012000085207],[-87.41339200042388,30.57294599992901],[-87.41369100017462,30.573037999806274],[-87.41381000000032,30.573444000139155],[-87.41392800000108,30.57356299994131],[-87.41414200026132,30.573617999982545],[-87.41427899963037,30.5733129996422],[-87.41440500002707,30.572776999910175],[-87.41453200024867,30.572508999706834],[-87.41492700025888,30.57261900018005],[-87.41521599996388,30.572756000376973],[-87.41571599955607,30.572670999825906],[-87.41609899987073,30.57237500010082],[-87.41636400018459,30.571950000345172],[-87.41629800006237,30.57155299974828],[-87.41620099997797,30.57114700000738],[-87.4162880000166,30.57097399966812],[-87.41640199981943,30.570749999990962],[-87.41650800012464,30.570610999907018],[-87.4166460002169,30.570638000345074],[-87.4168710003478,30.57075699972278],[-87.41713699958827,30.570691999651824],[-87.41717900031938,30.570378000254305],[-87.41704899972473,30.57011099968856],[-87.41715500002992,30.56989799968357],[-87.417591000048,30.569839000300302],[-87.4177090000488,30.569822999766565],[-87.4179979997538,30.57003399977708],[-87.41818000022698,30.570180999766034],[-87.41838299971826,30.57027299994568],[-87.41852099981053,30.570133999951633],[-87.41839199993909,30.569755999678225],[-87.41818199987682,30.569415000346943],[-87.4177860000417,30.569065999874002],[-87.41757199978143,30.56892799978822],[-87.41747499969706,30.568707000306844],[-87.41747399987214,30.568476000139306],[-87.4174620001766,30.568152999638873],[-87.41732300025942,30.568005999670454],[-87.41700299969396,30.567988000179906],[-87.41671499981386,30.56804499971534],[-87.4165969998131,30.56790599962249],[-87.41662799977523,30.567564999975556],[-87.41666499958517,30.56744100001766],[-87.41675400017192,30.567149000239347],[-87.41672099966166,30.566808000251843],[-87.41656000000317,30.56655899967393],[-87.41614800027452,30.566293000316787],[-87.41613700040386,30.5661449997306],[-87.41640299964435,30.56603400030299],[-87.41682799979176,30.565837999623866],[-87.4171039999763,30.565533000344722],[-87.41729499977201,30.565246000109298],[-87.41729499977201,30.565116999629858],[-87.4173779996127,30.564673999681617],[-87.417591000048,30.564489000080528],[-87.41774000001092,30.564616999712523],[-87.4178370000953,30.564847999787276],[-87.41796599996675,30.565050000158635],[-87.41830800027351,30.565105000386033],[-87.41846700028216,30.5648090000041],[-87.41822000040996,30.564422000175604],[-87.41798299968518,30.563980000289934],[-87.4180460003327,30.563693000101438],[-87.4182999998776,30.563268000208723],[-87.41832599981686,30.563027999647044],[-87.41818600007478,30.56271500034956],[-87.41792800033191,30.56240200004234],[-87.41791699956295,30.562253999708574],[-87.4180119999975,30.562105999922586],[-87.41826800009053,30.56210499976119],[-87.41854500009997,30.561994000352563],[-87.41898000029315,30.56147499971838],[-87.41921399974657,30.561327000291186],[-87.41959799988614,30.561306999995914],[-87.41993799964474,30.561056999824384],[-87.42050099988445,30.560621000366485],[-87.42071299959656,30.560545000061726],[-87.42092600003188,30.56052699996049],[-87.42107199962174,30.560548999997813],[-87.42116500040649,30.560647000314553],[-87.42125200044514,30.560789999904483],[-87.42135200000425,30.56090499983839],[-87.42143900004287,30.56097900028874],[-87.42153899960199,30.561024000326004],[-87.42159800005155,30.561029999813705],[-87.42169799961066,30.560989999870085],[-87.42176899975576,30.560668000148535],[-87.42178800002233,30.560334000298074],[-87.4219129996958,30.560127000029148],[-87.42208599994817,30.56011500016814],[-87.42220599959877,30.560194999986823],[-87.42218700023051,30.560487999987508],[-87.4221949997281,30.560763999994734],[-87.42235499956169,30.56097000027882],[-87.4225749996697,30.56112999998744],[-87.42275499959476,30.561278999884955],[-87.42289500023514,30.561428000327158],[-87.42300800021307,30.56149100008193],[-87.42312700003876,30.561484999849192],[-87.42323900019174,30.561277999715095],[-87.42324400021462,30.5608750000369],[-87.423369999713,30.560835000029375],[-87.42353600029267,30.56090899975964],[-87.42366299961596,30.56100600031362],[-87.4239749997855,30.56095899992174],[-87.42405299960329,30.560775000373923],[-87.42388600009704,30.560487999987508],[-87.4239179998841,30.560275999919728],[-87.42407600006784,30.55987900028014],[-87.42419499989352,30.559712000301097],[-87.4243410003817,30.559630999897394],[-87.42458599970576,30.55967599978624],[-87.42471899977517,30.559733000337427],[-87.42477300020182,30.559854000310843],[-87.42475999978305,30.559973999950085],[-87.42510700011267,30.560357999964374],[-87.42535900000776,30.560311000032176],[-87.42566199995646,30.559782000146672],[-87.42577300028454,30.55927600021458],[-87.42607100021038,30.55910799977906],[-87.42631600043275,30.558963999837328],[-87.42644799977892,30.558773999973937],[-87.4264050001212,30.558292999804994],[-87.42635700044063,30.557872000286583],[-87.4263959999004,30.55749299998848],[-87.42593700031608,30.557425999894058],[-87.4256579997585,30.557288999707108],[-87.42563600001719,30.55691000022642],[-87.4260529997687,30.556476999812443],[-87.42628999959517,30.55614900002441],[-87.42648899978678,30.556147999801677],[-87.42654900006126,30.556216999675325],[-87.42670999971975,30.556613000154154],[-87.4267909999106,30.556785000358847],[-87.4268899996448,30.556785000358847],[-87.4270100001937,30.556749999748234],[-87.42724399964713,30.555731999848977],[-87.42720299963923,30.555473999722604],[-87.42702400043741,30.555353999933853],[-87.4270019997978,30.555043999792797],[-87.42715999998154,30.554784999921463],[-87.42729800007379,30.55428500014118],[-87.42755400016684,30.553680999880214],[-87.4281290001021,30.553092999929582],[-87.42854500002872,30.552625999987082],[-87.4288830001375,30.552452999886963],[-87.42943700015637,30.551744000356013],[-87.43039000038341,30.551190000308722],[-87.43070800040074,30.550946999991375],[-87.4308249996783,30.550498999706036],[-87.43092400031081,30.55027399966521],[-87.43118200005367,30.550015000217197],[-87.43185800027126,30.549772000052947],[-87.4330509997995,30.54957800037343],[-87.43488299973544,30.549434000217023],[-87.43511999956189,30.549089000230623],[-87.43503900026934,30.548709999675413],[-87.43489699997913,30.54810699984309],[-87.43490600019997,30.5478660001609],[-87.43520300030089,30.54764100020654],[-87.43536099958632,30.54738199992285],[-87.4353799998529,30.54705400034635],[-87.43507899955401,30.546554999747514],[-87.4350779997291,30.54640000006268],[-87.43517800018653,30.54634800026272],[-87.43524099993571,30.546321000028335],[-87.43526600005008,30.546310000331804],[-87.43533700019519,30.546279000336416],[-87.43573499968014,30.54629500011066],[-87.43599199959807,30.545932000086847],[-87.43620900023139,30.54551800034038],[-87.43614800013201,30.54515600006851],[-87.43614700030709,30.544948999922024],[-87.4362460000413,30.54493200036128],[-87.43646500032442,30.54491399968548],[-87.43666299979282,30.544620000294742],[-87.43664199987641,30.544223999629445],[-87.43671999969422,30.54391299995771],[-87.4367389999608,30.543688999703893],[-87.43661900031019,30.543688999703893],[-87.43634200030075,30.54408700015058],[-87.43590399973453,30.54403699980692],[-87.43550600024959,30.54398599986314],[-87.43534600041602,30.543883000319816],[-87.43530500040815,30.543728000237692],[-87.43530500040815,30.54367700013163],[-87.43534499969277,30.54358999970681],[-87.43540300031742,30.543279999907142],[-87.43532100030166,30.542867000043977],[-87.43544000012734,30.542711000299903],[-87.43567899960364,30.542659000071588],[-87.43597800025269,30.542863999738795],[-87.43621799955388,30.542949999681685],[-87.43641699974552,30.543001000169603],[-87.43675499985432,30.542809999645787],[-87.43679300038747,30.54251699966342],[-87.43719000004751,30.542188000306272],[-87.4374279996989,30.54199800009924],[-87.437386999691,30.54175699995328],[-87.43672999973995,30.541689999828975],[-87.43649100026367,30.54163900019984],[-87.43639099980625,30.541535999714284],[-87.43636999988985,30.541329000361117],[-87.43666699999076,30.54108699972428],[-87.43678499999154,30.540724999954186],[-87.43682299962639,30.540242000095986],[-87.43698199963504,30.54015499968838],[-87.43727999956087,30.540136999674377],[-87.43765899967757,30.540136000060315],[-87.43791700031875,30.54006599997335],[-87.43815599979503,30.540100000021905],[-87.43827600034393,30.540288999687906],[-87.43833599972008,30.54034000002597],[-87.43855500000318,30.540252999706233],[-87.43887200019559,30.539872999859092],[-87.43924799993924,30.53938900001011],[-87.43946700022235,30.539370999854118],[-87.4396460003225,30.53942300029568],[-87.4396670002389,30.539560000165146],[-87.43960799978935,30.53985299978522],[-87.43955000006302,30.54007799999183],[-87.43957000015452,30.540232999710607],[-87.43975000007957,30.54030099967884],[-87.440027000089,30.539989999821806],[-87.44040299983264,30.539386000371195],[-87.44060000037445,30.538954000335263],[-87.44053900027508,30.53867800020892],[-87.44023999962602,30.538523999960077],[-87.43992099978378,30.538439000371316],[-87.43985999968442,30.53828400011037],[-87.43985899985951,30.538111999621155],[-87.44017699987681,30.53795599997567],[-87.44061500044307,30.53778199962906],[-87.44101200010309,30.5376600003562],[-87.4413700003034,30.537590000032043],[-87.4415689995967,30.537450999647675],[-87.44156699994687,30.537089000251264],[-87.44114799964723,30.536798000100205],[-87.44084800007157,30.536643999965303],[-87.44079100017017,30.536484000129178],[-87.44076799970563,30.53641999996617],[-87.4407459999643,30.536041000252297],[-87.44070199958338,30.535006999756824],[-87.4403779997183,30.533888000157376],[-87.44037299969541,30.533854999934082],[-87.44025499969463,30.533061000349555],[-87.44023299995334,30.532561999804802],[-87.44033099986261,30.532319999761977],[-87.44059799982631,30.531939999827483],[-87.44057699990991,30.531595000360923],[-87.44027700033426,30.531338000020234],[-87.43985800003459,30.53121900028257],[-87.43945999965135,30.531151000145954],[-87.4391399999842,30.530841999813063],[-87.43891900005126,30.53046300000096],[-87.43889899995979,30.530395000108907],[-87.43895800040931,30.53029100036405],[-87.43949499981143,30.530167999703735],[-87.44046899995487,30.529820999920307],[-87.44118500035546,30.529748999921498],[-87.44170300038931,30.529746999705875],[-87.4419419998656,30.52986700019258],[-87.44204300014793,30.530142999820935],[-87.44198600024653,30.530608000146582],[-87.44196799980487,30.531056000125734],[-87.44254699993809,30.5314509998443],[-87.44316500042937,30.531689999854063],[-87.44390100002312,30.531481000227448],[-87.44419700029914,30.53092800034247],[-87.4441939999261,30.53027300006957],[-87.44381499980939,30.530068000134076],[-87.44331699986704,30.530052000007682],[-87.4428990002906,30.530087999901518],[-87.44263999982451,30.529967999687766],[-87.4426189999081,30.52976200016167],[-87.4430740001928,30.529088000297524],[-87.44336999957046,30.528673000202197],[-87.4436469995799,30.528137999729143],[-87.44414299987245,30.527843000110217],[-87.44440200033856,30.527843000110217],[-87.44444300034642,30.528222000083712],[-87.44454499955536,30.528737999784187],[-87.44472500037874,30.528892999802316],[-87.4451029997722,30.528909000119583],[-87.44567799970746,30.528286000231404],[-87.44591299988409,30.52737199968558],[-87.44625000016799,30.52719900024591],[-87.44664900037617,30.52721400032136],[-87.44682799957799,30.527282999864752],[-87.44718699960319,30.52734999986784],[-87.44746500033585,30.52734999986784],[-87.44772300007872,30.527089999886215],[-87.44797999999666,30.526607000320553],[-87.44820500012756,30.52551399998843],[-87.44818300038627,30.525296000009142],[-87.4481520004241,30.525158000372862],[-87.44813499980735,30.525080999621462],[-87.44797099977585,30.52494499999442],[-87.44765500030665,30.52489700017163],[-87.44723799965682,30.524941999909476],[-87.44703500016556,30.52500599989622],[-87.44692300001255,30.52518699983605],[-87.44711100033354,30.525563000044258],[-87.4472650003193,30.525928999648034],[-87.44726600014423,30.526172999649788],[-87.4471649998619,30.52635399973728],[-87.44697400006618,30.52645700007256],[-87.44599800027291,30.526377000309896],[-87.44566400036207,30.526237000373325],[-87.44535300001745,30.525969000108965],[-87.44520499987945,30.525710999825982],[-87.44511899966572,30.525432999684075],[-87.44504900024383,30.52504699973257],[-87.44494799996149,30.524870999935317],[-87.44485599989999,30.524711000054044],[-87.44464599983769,30.52449200004586],[-87.44407699975024,30.524207000292513],[-87.44380599958858,30.523948000193528],[-87.44378800004522,30.523625999881755],[-87.44392299976442,30.52356700023042],[-87.44426199969814,30.523608999684228],[-87.44466900030224,30.523754999781456],[-87.44507500018311,30.523856000213314],[-87.44629000035097,30.52314799984011],[-87.44706600012769,30.52254099997643],[-87.44709999956456,30.522515999678927],[-87.44720699969469,30.52219800000753],[-87.44728299986265,30.52197300017353],[-87.44714499977039,30.521256000188902],[-87.4464130003746,30.520379000282503],[-87.44602099983913,30.519720999846367],[-87.44588100009706,30.51866699998637],[-87.44572600028637,30.51818400034465],[-87.44545299957657,30.517671999701182],[-87.44556899992752,30.51708599966037],[-87.44572000043857,30.516895000031294],[-87.44612700014436,30.51696700026779],[-87.44649899969002,30.516995000001383],[-87.44690399974597,30.516773999922165],[-87.4471730002578,30.5164070000322],[-87.44727100016709,30.51560100031776],[-87.44726799979405,30.515044000342222],[-87.44696200037062,30.51464899971063],[-87.44675899998101,30.51460600037769],[-87.44640400015376,30.514753999819668],[-87.4458149999748,30.515386000151047],[-87.44498599959633,30.515491000237883],[-87.44456200017211,30.515330999618076],[-87.44442499990477,30.514906999952327],[-87.44452399963896,30.514247999739588],[-87.44495299998438,30.513763000038665],[-87.44562900020198,30.513657999633228],[-87.44667799979017,30.513654000087243],[-87.44732200022072,30.513871999867895],[-87.44801900035473,30.514602000096854],[-87.44852899999267,30.51505399983781],[-87.44912200036958,30.515300999666046],[-87.44978199979535,30.515226000132323],[-87.45002399964469,30.514912000094228],[-87.45037099997434,30.514462000223308],[-87.44989200029852,30.51447000002253],[-87.44984000042,30.51447099990063],[-87.44976599990183,30.514471999778756],[-87.44903199995791,30.514219999988605],[-87.4483549999154,30.513740000350193],[-87.44792700029322,30.51305700022316],[-87.44793499979083,30.512978000158306],[-87.44797800034684,30.51256400004244],[-87.44791399987443,30.511820999671787],[-87.44787799988941,30.511031000021923],[-87.44786600019386,30.510991000378343],[-87.44786000034607,30.510969999862336],[-87.44780099989653,30.51077999974168],[-87.447785000003,30.510728000222333],[-87.44772599955344,30.510533999954426],[-87.44772100042888,30.51051699978884],[-87.44771700023094,30.510504999988854],[-87.44770200016232,30.51045799991947],[-87.44766000032953,30.510416000200543],[-87.44765100010869,30.51040700014786],[-87.44734499978695,30.510097999639225],[-87.44728100021284,30.510032999973298],[-87.44719099980114,30.509942999828226],[-87.4471730002578,30.509924999634485],[-87.44647699994871,30.50945599968816],[-87.44606900041802,30.508866999846514],[-87.44505699974144,30.508195999626654],[-87.44471399960976,30.507494000205337],[-87.44392500031257,30.507202999653938],[-87.44321999978266,30.506782000014486],[-87.4429279997046,30.506778000185648],[-87.44290299959023,30.506778000185648],[-87.44242100043972,30.50677299962542],[-87.44190199968263,30.50672400015845],[-87.4411390003247,30.50665100011698],[-87.4403860001142,30.506626000376464],[-87.43968999980513,30.506649000199882],[-87.43919799971052,30.50623700014944],[-87.43884500043141,30.505841000146436],[-87.43826899977293,30.505357000274696],[-87.4376760002943,30.504630000228172],[-87.43717499997888,30.503726000019793],[-87.43671200019662,30.502983000225896],[-87.43650899980703,30.502452999995104],[-87.4361620003757,30.502206000035628],[-87.4358660000997,30.50200399974349],[-87.43526199985212,30.50146600027534],[-87.43465000010693,30.50053600029086],[-87.43454899982459,30.500313999928686],[-87.43451799986245,30.500244999817486],[-87.43397800008728,30.499595000361147],[-87.43387799962986,30.49949500029747],[-87.43367799961331,30.49939500013092],[-87.43347799959676,30.499294999861565],[-87.4331279997924,30.4992249997667],[-87.43297800000458,30.499195000263434],[-87.43247800041239,30.499094999788525],[-87.43197799992186,30.49899499998479],[-87.43157799988879,30.498795000068906],[-87.43102100039518,30.498331000073687],[-87.43097799983917,30.498295000028243],[-87.43087800028006,30.498095000221223],[-87.43067800026351,30.497594999678654],[-87.43057799980609,30.497194999871162],[-87.43047800024696,30.49659500017219],[-87.43097799983917,30.49609499966027],[-87.43099899975557,30.49606399989847],[-87.4311779998557,30.495794999977353],[-87.43167800034621,30.49489500002223],[-87.43177799990534,30.494594999735135],[-87.43182300011117,30.494196000064058],[-87.43187800036276,30.49369600038175],[-87.43177799990534,30.493396000267783],[-87.43167800034621,30.49289600034449],[-87.43156799984305,30.492730999968508],[-87.43147800032968,30.492596000086063],[-87.43127800031314,30.49209599992203],[-87.43107800029658,30.49179600029326],[-87.43077799982262,30.491495999739474],[-87.43073199979186,30.491404000013947],[-87.43057799980609,30.491095999626598],[-87.43027800023043,30.490796000010985],[-87.42997799975646,30.490696000191562],[-87.42987800019733,30.490696000191562],[-87.4298689999765,30.4906869998622],[-87.42977799973993,30.490596000269434],[-87.42937799970683,30.490295999886378],[-87.42910400007045,30.49020499992796],[-87.42907800013117,30.490196000327227],[-87.4289800002219,30.490094999762494],[-87.42895400028263,30.490069000282272],[-87.42857799964068,30.489696000215954],[-87.428502000371,30.48954500016649],[-87.42847700025665,30.48949599976174],[-87.42843799989858,30.48937800002857],[-87.42837799962413,30.48919599985788],[-87.42837799962413,30.489095999942407],[-87.42837799962413,30.489032999679736],[-87.42837799962413,30.48889200001297],[-87.42837799962413,30.488751000141963],[-87.42837799962413,30.488696000027055],[-87.42837799962413,30.488495999839845],[-87.42845899981498,30.48833300003744],[-87.42857799964068,30.488095999780583],[-87.42877799965721,30.487796000205346],[-87.42897799967375,30.487595999716724],[-87.42909599967453,30.487478000002035],[-87.4291779996903,30.487396000365276],[-87.42925800005624,30.487396999747652],[-87.42957799972338,30.487396000365276],[-87.42977799973993,30.487396000365276],[-87.43003800003092,30.48750699986642],[-87.43047800024696,30.487695999625355],[-87.4304940001405,30.48770000023886],[-87.43087800028006,30.487796000205346],[-87.43147800032968,30.488095999780583],[-87.4320780003793,30.488195999949532],[-87.43287000004955,30.488195999949532],[-87.4331780000211,30.488195999949532],[-87.4335780000542,30.48799600028298],[-87.43366500009283,30.48790900032681],[-87.43387799962986,30.487695999625355],[-87.43404099983647,30.487287999662122],[-87.43407799964639,30.48719599982874],[-87.43397100041459,30.486981999728354],[-87.43377800007073,30.48659599962347],[-87.43367799961331,30.486296000068975],[-87.4331780000211,30.485496000348512],[-87.43297800000458,30.484895999726326],[-87.43287800044546,30.484296000050115],[-87.43297800000458,30.4840960001102],[-87.43312600014258,30.48385000018566],[-87.43327799958023,30.483595999623695],[-87.43337800003766,30.48329600011168],[-87.43407799964639,30.48239599989856],[-87.43407799964639,30.482195999925313],[-87.43427799966294,30.481996000315313],[-87.43437800012035,30.481996000315313],[-87.43446799963372,30.481996000315313],[-87.43457800013691,30.481996000315313],[-87.43479400004698,30.481887999813118],[-87.43497800016998,30.481796000294356],[-87.43517800018653,30.481595999862485],[-87.43522800041524,30.48149599987952],[-87.43527699992073,30.481395000349842],[-87.43547799976218,30.481095999694535],[-87.43547799976218,30.480896000146934],[-87.43557800021959,30.4804959998189],[-87.43527799974562,30.479896000115932],[-87.43477800015344,30.479295999811548],[-87.434677999696,30.479195999788352],[-87.43427799966294,30.478895999876656],[-87.43397800008728,30.47879600021677],[-87.43377800007073,30.478695999680046],[-87.43367799961331,30.478595999814733],[-87.43287800044546,30.478296000376595],[-87.43257799997149,30.478196000100393],[-87.43197799992186,30.4778960002039],[-87.43157799988879,30.477696000275383],[-87.43127800031314,30.47729599996006],[-87.43097799983917,30.477096000347384],[-87.43057799980609,30.476596000292396],[-87.43047800024696,30.47639600001594],[-87.43031699969018,30.47583400022184],[-87.43027800023043,30.47569600007113],[-87.430177999773,30.47519599979428],[-87.430177999773,30.474295999793444],[-87.430177999773,30.474096000212004],[-87.430177999773,30.473096000013705],[-87.430177999773,30.472815000289046],[-87.430177999773,30.472696000155732],[-87.4300780002139,30.471995999934524],[-87.42987800019733,30.47159600020343],[-87.42987800019733,30.47139599972174],[-87.42977799973993,30.471095999777482],[-87.42957799972338,30.47059599988132],[-87.42937799970683,30.470395999668575],[-87.42887800011465,30.469795999662843],[-87.42857799964068,30.46939600018622],[-87.42804000041365,30.46876900011631],[-87.42797799959105,30.468696000245917],[-87.4277779995745,30.46839599972677],[-87.42727799998231,30.46779599978754],[-87.42707799996577,30.46749600036748],[-87.42677800039013,30.467295999982603],[-87.42667799993269,30.46719600002334],[-87.42607799988306,30.46659599966],[-87.4257780003074,30.466295999640824],[-87.42527799981691,30.46579599987833],[-87.42507799980037,30.46559599987408],[-87.42457800020817,30.465196000182182],[-87.4242779997342,30.46489599972241],[-87.4239959997019,30.464662000100606],[-87.42367799968457,30.464395999741946],[-87.42357800012546,30.46429599990246],[-87.42267799960187,30.463595999700058],[-87.42217800000968,30.463196000312475],[-87.42147800040094,30.462796000056702],[-87.42117799992697,30.46269600012333],[-87.4203779998608,30.46239599970709],[-87.4198780002686,30.462195999690667],[-87.41907800020245,30.461896000057624],[-87.41867800016935,30.461596000275055],[-87.41777699982086,30.461095999616816],[-87.41767700026175,30.460896000028747],[-87.41687700019558,30.459895999801414],[-87.41677699973815,30.459895999801414],[-87.41667700017904,30.459696000072842],[-87.41637699970507,30.459395999710217],[-87.415976999672,30.45889600015039],[-87.415976999672,30.458695999917698],[-87.41567700009634,30.45819599986282],[-87.41547700007979,30.458095999853686],[-87.41492999973362,30.457548999745292],[-87.41491999968787,30.457538999760022],[-87.41487700003017,30.45749599996654],[-87.41467700001363,30.45729599995749],[-87.41447699999709,30.45729599995749],[-87.41383799958939,30.457021999743144],[-87.41377700038835,30.456995999948404],[-87.41347699991438,30.456995999948404],[-87.4130769998813,30.456896000256407],[-87.41247699983168,30.456896000256407],[-87.41197700023949,30.456896000256407],[-87.41107699971589,30.456896000256407],[-87.41057700012368,30.456896000256407],[-87.40927699956703,30.456795999687355],[-87.40867700041571,30.456695999790085],[-87.40787700034954,30.45639600025677],[-87.40767700033301,30.456296999650537],[-87.40697699982594,30.455697000300788],[-87.4066770002503,30.455397000014813],[-87.4061769997598,30.454897000066907],[-87.40597699974326,30.454596999641105],[-87.40547700015105,30.453996999890556],[-87.40527700013452,30.45369699979151],[-87.40487700010142,30.453096999920213],[-87.4046770000849,30.452897000174694],[-87.40431300003682,30.452714999956694],[-87.40430299999107,30.452709999716134],[-87.4042770000518,30.45269700001877],[-87.40387700001872,30.452497000226725],[-87.40317700041,30.452297000024235],[-87.4027770003769,30.452097000185702],[-87.40167699983677,30.451697000051723],[-87.40107699978715,30.451496999756273],[-87.40007699970444,30.451097000257256],[-87.3998769996879,30.450996999932393],[-87.3997770001288,30.450996999932393],[-87.39957700011223,30.45089700027929],[-87.39887699960519,30.450796999749215],[-87.39857700002955,30.45069699989094],[-87.39797699997992,30.450596999930024],[-87.39777699996337,30.450596999930024],[-87.3971099999666,30.450596999930024],[-87.39702700012593,30.450596999930024],[-87.3968770003381,30.450596999930024],[-87.39647700030503,30.45069699989094],[-87.39537699976488,30.450996999932393],[-87.39507700018922,30.451097000257256],[-87.39417699966563,30.45139699984184],[-87.39387700008997,30.45139699984184],[-87.3934770000569,30.451496999756273],[-87.39307700002381,30.4515970003425],[-87.39227600013274,30.4515970003425],[-87.39197599965877,30.4515970003425],[-87.39127600005004,30.451496999756273],[-87.39077599955952,30.451296999824805],[-87.38997600039167,30.4511969997051],[-87.38977600037514,30.451097000257256],[-87.38887599985155,30.450796999749215],[-87.38847599981845,30.450596999930024],[-87.38787599976884,30.45039699970041],[-87.38777600020973,30.45039699970041],[-87.38690499999845,30.45039699970041],[-87.38677600012703,30.45039699970041],[-87.38637600009393,30.45039699970041],[-87.38630900014678,30.45039699970041],[-87.3857760000443,30.45039699970041],[-87.3856759995869,30.45039699970041],[-87.38537600001123,30.45039699970041],[-87.38517599999469,30.45039699970041],[-87.38457599994507,30.450297000206156],[-87.38437599992854,30.450297000206156],[-87.38357599986237,30.450196999834805],[-87.38297599981274,30.45009700013533],[-87.38217599974658,30.45009700013533],[-87.38187600017092,30.45009700013533],[-87.38147600013785,30.45009700013533],[-87.38117599966388,30.45009700013533],[-87.3803759995977,30.449896999654108],[-87.37997599956464,30.449896999654108],[-87.37947599997243,30.449697000311275],[-87.37917600039677,30.449697000311275],[-87.37867599990626,30.449597000098723],[-87.37827599987318,30.449397000140348],[-87.37820999975094,30.449383000228533],[-87.37777600028099,30.449296999620007],[-87.37767599982357,30.449296999620007],[-87.37707599977394,30.449096999820394],[-87.37667599974087,30.448996999766678],[-87.37587599967469,30.448797000125914],[-87.37557600009904,30.44869699976446],[-87.37507599960853,30.448597000074745],[-87.37500100016378,30.448558999887005],[-87.37497600004941,30.448547000191436],[-87.37497600004941,30.448465000296302],[-87.37076800020444,30.446864999983916],[-87.3686800001755,30.444630999734926],[-87.36693899957784,30.440479999715954],[-87.3665910003216,30.436648000151155],[-87.36744099971818,30.434494999866672],[-87.36819099955564,30.43340700005968],[-87.36938300015728,30.431947999915444],[-87.37116900006244,30.430490000374473],[-87.37314999996127,30.429397000153745],[-87.37497600004941,30.428302000101464],[-87.37497600004941,30.428347000356442],[-87.37507599960853,30.42819699968408],[-87.37527599962507,30.42809699988228],[-87.3753760000825,30.42799699997792],[-87.37617600014866,30.42729700010118],[-87.37647599972432,30.427097000099028],[-87.37727599979048,30.426396999960936],[-87.37757600026445,30.426097000134614],[-87.3783760003306,30.425396999792557],[-87.37867599990626,30.425196999768232],[-87.38007600002206,30.42429699961991],[-87.38087600008822,30.423796999737114],[-87.38207600018747,30.42289699984275],[-87.38257599977966,30.422597000098754],[-87.38337599984582,30.422097000024973],[-87.38387600033634,30.421897000207572],[-87.38434800033944,30.42161299985546],[-87.38487600041903,30.421296999844984],[-87.38547599957035,30.420996999829395],[-87.38637600009393,30.420497000077702],[-87.38677600012703,30.42039700012975],[-87.3876759997523,30.42009699967111],[-87.38807599978539,30.4199970000879],[-87.38907599986807,30.41969699994877],[-87.38947599990117,30.419596999955637],[-87.39027599996732,30.419297000136098],[-87.39057600044129,30.419196999733057],[-87.3925759997084,30.41869700005406],[-87.39317599975801,30.418497000239814],[-87.39397599982418,30.418297000015674],[-87.39457599987381,30.41809700015625],[-87.39567600041396,30.417597000263903],[-87.39627599956526,30.417197000364748],[-87.39737600010538,30.41629800013172],[-87.39767599968103,30.415998000241334],[-87.3984759997472,30.41549799966584],[-87.39877600022116,30.415097999685223],[-87.40027699972099,30.413497999637958],[-87.40037700017841,30.413398000265175],[-87.40047699973752,30.413197999662675],[-87.40057700019496,30.412898000314758],[-87.40097700022804,30.412297999627423],[-87.40127699980368,30.411997999837478],[-87.4017770002942,30.411397999815676],[-87.4022769998864,30.410998000076415],[-87.4027770003769,30.410598000247475],[-87.40297700039345,30.410398000105733],[-87.40347699998566,30.410198000328958],[-87.40477699964401,30.40959800008954],[-87.40527700013452,30.409497999820214],[-87.40567700016759,30.409398000223188],[-87.40607700020067,30.409197999947153],[-87.40647700023376,30.409197999947153],[-87.40737699985904,30.408998000036064],[-87.40777699989212,30.408897999926857],[-87.40847700039916,30.408897999926857],[-87.40887700043226,30.408797999715222],[-87.40937700002443,30.408797999715222],[-87.409577000041,30.408797999715222],[-87.41037700010716,30.408797999715222],[-87.4106769996828,30.408797999715222],[-87.41107699971589,30.408797999715222],[-87.41147699974896,30.408797999715222],[-87.41217700025602,30.408897999926857],[-87.41247699983168,30.408897999926857],[-87.41317700033873,30.408998000036064],[-87.41357700037182,30.408998000036064],[-87.41417700042143,30.409197999947153],[-87.4145769995562,30.409297999749043],[-87.41527700006326,30.409398000223188],[-87.41567700009634,30.409497999820214],[-87.41667700017904,30.409698000256434],[-87.41717699977124,30.409898000282862],[-87.41767700026175,30.409998000142433],[-87.41797699983739,30.409998000142433],[-87.41837699987049,30.410097999899566],[-87.41857699988702,30.410097999899566],[-87.41917699993665,30.410198000328958],[-87.41947700041062,30.410198000328958],[-87.42017700001935,30.410198000328958],[-87.42057700005243,30.410198000328958],[-87.42117700010205,30.410198000328958],[-87.42157700013514,30.410198000328958],[-87.42227699974387,30.410097999899566],[-87.42267699977695,30.410097999899566],[-87.42327699982657,30.409998000142433],[-87.42367699985967,30.409898000282862],[-87.42437700036672,30.409798000320833],[-87.42447699992582,30.409698000256434],[-87.42477700039979,30.40959800008954],[-87.42497700041633,30.40959800008954],[-87.42507699997543,30.409497999820214],[-87.42557699956764,30.409398000223188],[-87.42587700004161,30.409297999749043],[-87.42617699961727,30.409197999947153],[-87.4263769996338,30.40909800004282],[-87.42677699966688,30.408797999715222],[-87.42687700012434,30.408797999715222],[-87.42747799999886,30.408398000168624],[-87.4277779995745,30.40809800001415],[-87.42837799962413,30.407598000032362],[-87.42947800016427,30.406598000134093],[-87.42957799972338,30.406497999890867],[-87.42977799973993,30.406198000096047],[-87.430177999773,30.405697999680775],[-87.43057799980609,30.405197999804077],[-87.43079399971616,30.404909000077442],[-87.43087800028006,30.4047980002285],[-87.43127800031314,30.404097999739918],[-87.43137799987224,30.40379800031865],[-87.43177799990534,30.40319800026044],[-87.43187800036276,30.402997999680036],[-87.4320780003793,30.40239800012966],[-87.43227800039583,30.402098000134135],[-87.43287800044546,30.400898000233088],[-87.43297800000458,30.40039799979623],[-87.43327799958023,30.39939799976548],[-87.43347799959676,30.398898000171748],[-87.43407799964639,30.39779799964814],[-87.43427799966294,30.397498000243157],[-87.43457800013691,30.39729800038615],[-87.434677999696,30.39719799991669],[-87.43547799976218,30.396898000218368],[-87.43597800025269,30.396598000373423],[-87.43687799987796,30.39619799966334],[-87.43727799991105,30.39589799999292],[-87.43807799997721,30.395097999724598],[-87.43857799956939,30.394597999813268],[-87.43947800009302,30.393497999677727],[-87.43987800012609,30.392798000327126],[-87.44067800019226,30.391497999959086],[-87.44077799975136,30.390998000218],[-87.44107800022533,30.389998000032783],[-87.44107800022533,30.389798000317235],[-87.44107800022533,30.38899799968543],[-87.44117799978444,30.388597999625187],[-87.44107800022533,30.387997999951352],[-87.44107800022533,30.387697999895067],[-87.44087800020878,30.386698000029135],[-87.44067800019226,30.386098000311524],[-87.44027800015917,30.38489799989748],[-87.44017799970173,30.38459799962241],[-87.43987800012609,30.38419800014781],[-87.43977799966866,30.38389800004857],[-87.43937799963557,30.383298000186805],[-87.43907800005992,30.382898000040573],[-87.43867800002684,30.382098000261053],[-87.43847800001029,30.381797999914664],[-87.43847800001029,30.38139799982848],[-87.43847800001029,30.381198000333942],[-87.43857799956939,30.380997999655083],[-87.43867800002684,30.380798000116897],[-87.43907800005992,30.38019799982167],[-87.43937799963557,30.379897999842697],[-87.43987800012609,30.378898999698574],[-87.4399779996852,30.378798999770467],[-87.44057799973481,30.377998999762344],[-87.44087800020878,30.377598999627775],[-87.44137799980098,30.376899000297314],[-87.44153500015982,30.376663000092837],[-87.44157799981754,30.37659900026753],[-87.4416599998333,30.376499000311316],[-87.4418230000399,30.376304000373736],[-87.44288400022198,30.375199000096426],[-87.44347800042382,30.37509900025806],[-87.44367800044037,30.37479900012909],[-87.44407799957513,30.374399000075094],[-87.44427799959168,30.374099000123042],[-87.44497800009871,30.37369900030489],[-87.44547799969092,30.37329899962514],[-87.44597800018144,30.372898999633808],[-87.44617800019796,30.372698999799425],[-87.44657800023106,30.372298999678293],[-87.44697800026414,30.37199900025728],[-87.4473780002972,30.371698999915722],[-87.44767799987287,30.371498999951648],[-87.44797800034684,30.371198999625918],[-87.44847799993904,30.370898999929747],[-87.44877800041301,30.37059900008815],[-87.44907799998866,30.370399000199033],[-87.44937799956432,30.370099000373312],[-87.4497779995974,30.369598999651714],[-87.44997799961394,30.369298999696532],[-87.45017799963048,30.36879900030937],[-87.45137799972973,30.36719899981545],[-87.45137799972973,30.366998999947466],[-87.45147800018715,30.366698999766072],[-87.45177799976281,30.36589899995005],[-87.45187800022022,30.364998999697544],[-87.45177799976281,30.364598999854774],[-87.45177799976281,30.363999000123425],[-87.45187800022022,30.36339899981143],[-87.45197799977934,30.362498999805137],[-87.45207800023678,30.361899000367327],[-87.45197799977934,30.36109900004201],[-87.45197799977934,30.36029900014953],[-87.45197799977934,30.35979899970389],[-87.45197799977934,30.359198999981075],[-87.45187800022022,30.358299000084983],[-87.45177799976281,30.357498999771448],[-87.45177799976281,30.35669899989197],[-87.45157799974626,30.355898999671563],[-87.45137799972973,30.354899000079833],[-87.4512780001706,30.353999000157316],[-87.45117799971318,30.35339899974379],[-87.45117799971318,30.352898999689153],[-87.45117799971318,30.352498999976316],[-87.45107800015407,30.351898999666485],[-87.45107800015407,30.3514989997415],[-87.45107800015407,30.350999000055115],[-87.45107800015407,30.350098999917755],[-87.45107800015407,30.349498999620277],[-87.45097799969665,30.34879899992073],[-87.45097799969665,30.347999000223854],[-87.45087800013754,30.347598999861013],[-87.4507779996801,30.346998999739753],[-87.45087800013754,30.346598999941016],[-87.45096199980311,30.34626200034361],[-87.45097799969665,30.346199000057826],[-87.45107800015407,30.345598999881084],[-87.45137799972973,30.345298999963813],[-87.45157799974626,30.34499899990218],[-87.45197799977934,30.344499000340242],[-87.45227800025332,30.344098999626866],[-87.45297799986206,30.343498999755607],[-87.45337799989514,30.34309900038226],[-87.45367800036911,30.34289900008264],[-87.45367800036911,30.34279999986836],[-87.45377799992822,30.34279999986836],[-87.4541779999613,30.342399999964282],[-87.45447800043526,30.34210000032026],[-87.45497800002747,30.341599999904048],[-87.45537800006055,30.341199999747904],[-87.45577800009363,30.340700000161473],[-87.45627799968582,30.340200000347036],[-87.45687799973544,30.3397000003046],[-87.45727799976854,30.339200000034236],[-87.45767799980162,30.338800000150055],[-87.45807799983469,30.338400000182137],[-87.45847799986778,30.33790000024985],[-87.45887799990086,30.33749999970586],[-87.45927799993393,30.336999999828954],[-87.45967799996703,30.33660000025975],[-87.459978000441,30.336299999898053],[-87.46037799957575,30.336000000167786],[-87.46077799960884,30.33559999961439],[-87.4610780000828,30.33530000006516],[-87.46127800009936,30.335199999752717],[-87.4629779997908,30.33399999966716],[-87.46312900030185,30.333948999843646],[-87.46327800026476,30.333900000353065],[-87.46377799985697,30.333699999867722],[-87.46405700041453,30.333605999793104],[-87.46437799990659,30.333499999749225],[-87.46487800039709,30.333299999997575],[-87.46547800044671,30.333199999968528],[-87.46627900033779,30.333000000379414],[-87.46707900040394,30.332900000044056],[-87.46726099997885,30.33282700010688],[-87.46757899999615,30.33269999984223],[-87.46807899958834,30.332599999975788],[-87.4687790000954,30.332399999936627],[-87.46947899970412,30.33229999976382],[-87.47007899975375,30.332200000264283],[-87.47087899981992,30.33200000018343],[-87.47187899990261,30.331799999694134],[-87.47267899996879,30.331699999683917],[-87.47357899959407,30.33160000034701],[-87.47477899969331,30.33150000013263],[-87.47557899975948,30.331399999816124],[-87.47627900026653,30.331399999816124],[-87.47687900031615,30.331300000172853],[-87.47747900036578,30.331300000172853],[-87.47857900000758,30.331199999652057],[-87.47947899963286,30.331199999652057],[-87.47999800038995,30.33111300018597],[-87.48007899968249,30.331099999804568],[-87.48087899974867,30.331099999804568],[-87.48167899981483,30.331099999804568],[-87.48277900035495,30.331099999804568],[-87.48357900042113,30.331099999804568],[-87.48467900006294,30.331099999804568],[-87.48587900016219,30.331099999804568],[-87.48667900022834,30.331099999804568],[-87.48747900029451,30.33099999985496],[-87.48777899987017,30.33099999985496],[-87.48837899991979,30.331099999804568],[-87.48907900042686,30.331099999804568],[-87.48997900005213,30.331099999804568],[-87.4908789996774,30.33099999985496],[-87.4918789997601,30.33089999980318],[-87.49204500033977,30.33087200011157],[-87.49247999963463,30.33079999964934],[-87.49307999968427,30.330599999810644],[-87.49358000017476,30.330599999810644],[-87.49418000022439,30.330400000338845],[-87.49487999983313,30.33019999968324],[-87.49587999991584,30.330000000169914],[-87.49728000003162,30.3296999997464],[-87.4981799996569,30.329499999987306],[-87.4986800001474,30.329299999819817],[-87.49928000019702,30.329100000019235],[-87.49977999978923,30.32889999981022],[-87.49997999980577,30.328956999767964],[-87.50257199962488,30.32740500002379],[-87.50470099966174,30.324039000182704],[-87.50594299959377,30.319396000080925],[-87.5058100004227,30.31508599971452],[-87.50587999984458,30.313899999745985],[-87.50578000028545,30.312499999695184],[-87.50558000026892,30.3110999998076],[-87.50518000023582,30.30990100036477],[-87.50467999974533,30.308901000119373],[-87.50387999967916,30.308001000016443],[-87.50347999964609,30.307600999903226],[-87.50278000003735,30.307300999910346],[-87.50230700020933,30.3071429998242],[-87.50217999998772,30.30710100018064],[-87.50168000039554,30.306901000042817],[-87.50097999988847,30.306801000208626],[-87.49997999980577,30.306451000373446],[-87.49997999980577,30.306200999836825],[-87.49988000024666,30.306200999836825],[-87.49957999977269,30.306200999836825],[-87.49928000019702,30.306200999836825],[-87.49917999973961,30.306200999836825],[-87.49897999972306,30.306200999836825],[-87.49877999970653,30.30630100028311],[-87.49837999967345,30.30630100028311],[-87.49797999964036,30.306200999836825],[-87.4976800000647,30.306101000064093],[-87.49737999959073,30.305901000212636],[-87.4971799995742,30.305801000133872],[-87.49678000043943,30.30570099995309],[-87.49647999996546,30.305600999670286],[-87.49598000037325,30.30540100034979],[-87.49558000034018,30.305300999760966],[-87.49517899958387,30.305100999828404],[-87.49487900000821,30.30500099970912],[-87.49437900041602,30.30500099970912],[-87.49407899994205,30.30490100026339],[-87.49337900033332,30.30490100026339],[-87.4928789998428,30.30490100026339],[-87.49247899980972,30.30490100026339],[-87.49197900021753,30.304800999940078],[-87.49127899971047,30.30490100026339],[-87.49067899966086,30.30490100026339],[-87.4898789995947,30.30490100026339],[-87.48917899998595,30.30490100026339],[-87.48867900039376,30.304800999940078],[-87.48817899990324,30.304800999940078],[-87.48737899983709,30.30500099970912],[-87.486978999804,30.305100999828404],[-87.48637899975436,30.305100999828404],[-87.48623999983721,30.305100999828404],[-87.48604700039168,30.305100999828404],[-87.48567900014565,30.305100999828404],[-87.48517899965512,30.30500099970912],[-87.48477899962205,30.30490100026339],[-87.48417899957244,30.30490100026339],[-87.48377900043766,30.304800999940078],[-87.48367899998023,30.304800999940078],[-87.48187899983135,30.306001000189354],[-87.4815790002557,30.306200999836825],[-87.48137900023917,30.306400999851814],[-87.48087899974867,30.30660100023426],[-87.48057900017301,30.306701000272426],[-87.48027899969904,30.306801000208626],[-87.4795790000903,30.306801000208626],[-87.47887899958324,30.306801000208626],[-87.47847900044849,30.306901000042817],[-87.47787900039887,30.306901000042817],[-87.4771789998918,30.307200999708723],[-87.47657899984218,30.307501000007584],[-87.47627900026653,30.307700999696756],[-87.47587900023345,30.307900000083688],[-87.47527900018382,30.308000000347803],[-87.47447900011765,30.308000000347803],[-87.47397899962716,30.308000000347803],[-87.47347900003496,30.308000000347803],[-87.47257900040968,30.308000000347803],[-87.47177900034352,30.307900000083688],[-87.47127899985298,30.307900000083688],[-87.47067899980337,30.307900000083688],[-87.4697790001781,30.308000000347803],[-87.46917800030357,30.308199999794297],[-87.46867799981305,30.308199999794297],[-87.46817800022086,30.308099999734274],[-87.46777800018778,30.307900000083688],[-87.46737800015471,30.307799999717606],[-87.46717800013815,30.307799999717606],[-87.46657800008853,30.307799999717606],[-87.46617800005546,30.307799999717606],[-87.4658779995815,30.30770000002506],[-87.46577800002237,30.307600000230448],[-87.46507800041363,30.307600000230448],[-87.46427800034746,30.30770000002506],[-87.46377799985697,30.307799999717606],[-87.4629779997908,30.307799999717606],[-87.4624780001986,30.307900000083688],[-87.46187800014897,30.308000000347803],[-87.46097799962538,30.308099999734274],[-87.46027800001664,30.308199999794297],[-87.4595780004079,30.30829999975228],[-87.45917800037482,30.308500000137737],[-87.45877800034175,30.30859999978966],[-87.45827799985123,30.30880000033851],[-87.45777800025903,30.30909999962107],[-87.45717800020941,30.309299999925223],[-87.45687799973544,30.309499999821256],[-87.45647799970237,30.309800000063376],[-87.45587799965276,30.31010000016269],[-87.45557800007708,30.31019999973328],[-87.45497800002747,30.310299999977353],[-87.45437799997784,30.310299999977353],[-87.45387800038564,30.31019999973328],[-87.45317799987859,30.310400000119337],[-87.4526780002864,30.310400000119337],[-87.45227800025332,30.310600000097278],[-87.4516780002037,30.31079999966709],[-87.45117799971318,30.310900000074458],[-87.4507779996801,30.3110999998076],[-87.4502780000879,30.3110999998076],[-87.45007800007136,30.3110999998076],[-87.45112599983466,30.30613599999617],[-87.45113099985751,30.30610899989459],[-87.45113400023057,30.306096999760843],[-87.45115099994901,30.30601400002374],[-87.45237799981243,30.300200999670523],[-87.49273999992565,30.289771999730046],[-87.49997999980577,30.287900999690155],[-87.50000300027031,30.28790499996005],[-87.50108000034591,30.288100999798807],[-87.50197999997118,30.28800100018331],[-87.50367999966262,30.287500999800912],[-87.50547999981148,30.28710099983214],[-87.5073800004178,30.286500999923632],[-87.50888000009269,30.286100999756012],[-87.51048000022502,30.28580099991743],[-87.51170700008844,30.285635000145177],[-87.51191700015072,30.285606000034658],[-87.51202900030373,30.2855680000641],[-87.51458000011495,30.284700999900867],[-87.51509099957782,30.284592999888776],[-87.51838000042925,30.283901000322754],[-87.51838100025414,30.282934000041255],[-87.51838299990398,30.282374999709386],[-87.51838299990398,30.28235600026386],[-87.51838299990398,30.282319999671195],[-87.51838299990398,30.282257000153688],[-87.51838299990398,30.282158999875794],[-87.51838299990398,30.282141000320667],[-87.51838299990398,30.28213100022165],[-87.51838399972887,30.282084000285636],[-87.51838399972887,30.28202900008428],[-87.51838600027702,30.28158599987728],[-87.51838600027702,30.281561999812443],[-87.51838600027702,30.280649000033545],[-87.51832400035273,30.2804419998259],[-87.51832500017764,30.28020599980227],[-87.51833100002543,30.278649000131498],[-87.51833900042136,30.276997999739205],[-87.51838100025414,30.267658000187488],[-87.51842599956169,30.25779999999938],[-87.51844599965315,30.25330100009931],[-87.51845999989686,30.250202000259492],[-87.51845900007194,30.250001000266177],[-87.51840399982036,30.240119000310422],[-87.51837200003332,30.23423999989074],[-87.51834600009404,30.22950599976317],[-87.51834000024627,30.20133000038581],[-87.518350000292,30.15776000008327],[-87.51837000038348,30.12552999984394],[-87.51557000015193,30.126039999844316],[-87.51438000009841,30.126270000170916],[-87.50923999994279,30.127270000159054],[-87.50620000041002,30.127890000131064],[-87.50358000010351,30.128470000139092],[-87.50056999980966,30.129169999736913],[-87.49325999960932,30.130950000131268],[-87.48357000020029,30.13291000034598],[-87.48225999959789,30.133439999657387],[-87.47925000020233,30.133949999972728],[-87.47473000018783,30.134720000330873],[-87.45860000006651,30.137529999913667],[-87.45375000033913,30.1384499996881],[-87.44852999981757,30.139580000104566],[-87.44200999963766,30.14110000004876],[-87.43943000041241,30.141519999799307],[-87.4380200002509,30.141749999793028],[-87.43477999980328,30.142329999929782],[-87.4291700001927,30.143369999727476],[-87.42256999964684,30.14460000005433],[-87.39587999973013,30.14847000033869],[-87.39259999999784,30.148970000220633],[-87.38771000008748,30.149860000265143],[-87.38331999976933,30.150569999901425],[-87.38012000040298,30.150980000274],[-87.36686999998086,30.153569999842627],[-87.36265000044034,30.154449999667207],[-87.35645999997331,30.155929999953432],[-87.3461799996621,30.15859999963259],[-87.3366400000409,30.161190000252056],[-87.33210999998064,30.16214000038694],[-87.32896999999045,30.162829999766103],[-87.31564000010071,30.165800000249142],[-87.30280999980317,30.168300000209484],[-87.29959000034533,30.16779999969787],[-87.29818000018382,30.167590000078107],[-87.29675999997653,30.16740000025847],[-87.29594999986462,30.167299999756654],[-87.29411999957853,30.167070000314492],[-87.28992000012948,30.16656999977706],[-87.285620000223,30.166110000056122],[-87.28192000036616,30.16578999996351],[-87.27882999970635,30.16556999963712],[-87.27456999998284,30.16535000037303],[-87.27089000021748,30.165250000121574],[-87.26841999969879,30.165230000214482],[-87.26492999990421,30.165250000121574],[-87.26185000018847,30.16532000015292],[-87.2582900000737,30.16542000033336],[-87.25452999994239,30.16556999963712],[-87.25098999991913,30.165779999676943],[-87.24661999969243,30.166120000309284],[-87.2445400000594,30.166300000032194],[-87.24054999977432,30.16649999985667],[-87.23480000042166,30.16680999979235],[-87.23206999961197,30.166979999643765],[-87.22929000037018,30.16719999993007],[-87.22673000033812,30.16743999996482],[-87.2259400003177,30.167520000105373],[-87.20182999962624,30.16999000035896],[-87.20102999956008,30.17007999983459],[-87.19984999955231,30.17021000014012],[-87.18001999957416,30.172440000069994],[-87.17691999976692,30.172809999753962],[-87.17445000014654,30.173139999895337],[-87.1726099998147,30.173410000318633],[-87.15538000005158,30.17601000015838],[-87.13361000018244,30.17853000005409],[-87.12841999979813,30.179339999839666],[-87.12004000009321,30.180590000256107],[-87.10662999983752,30.183090000101735],[-87.07828999955979,30.18834999998227],[-87.05642000013152,30.192399999898672],[-87.04508000036147,30.19458999962477],[-87.03881999957424,30.195800000021947],[-87.03052000023526,30.19756000017091],[-87.02814000012825,30.198009999684626],[-87.01233999971981,30.201059999626217],[-87.00751000008393,30.201809999735122],[-87.00535000008495,30.20215000025187],[-87.00298000002367,30.202569999999568],[-86.97839999987725,30.206949999815468],[-86.97796999970694,30.207009999735824],[-86.97590000011964,30.20734000019636],[-86.96162000037589,30.209690000013854],[-86.95823000014045,30.210230000023902],[-86.94710999958008,30.212009999631526],[-86.92871999990068,30.215500000024804],[-86.92780000018392,30.215659999801957],[-86.92528000033482,30.216089999951365],[-86.91832999998459,30.217637000329287],[-86.90604000036053,30.21938000005259],[-86.9042000000287,30.219699999921822],[-86.9023699997426,30.220029999739747],[-86.88891000015653,30.22259999992951],[-86.8776299997626,30.22441000013672],[-86.85559999960248,30.227920000301665],[-86.83818499989141,30.230242999817637],[-86.83168999982587,30.23110999963103],[-86.82744000014812,30.23164000022592],[-86.8269899998863,30.231699999834987],[-86.81803000022325,30.233010000153488],[-86.80337399983756,30.234949999882758],[-86.79011000007006,30.235940000045677],[-86.7772499996353,30.237409999838682],[-86.75235999986747,30.240250000075324],[-86.74216999996793,30.241300000365932],[-86.72706000002078,30.242530000363836],[-86.7134799998858,30.243630000294306],[-86.70559999977309,30.243860000162627],[-86.70246999982862,30.24397999994771],[-86.7001800001333,30.24410000036231],[-86.68765000030972,30.244819999772567],[-86.6768700004063,30.245149999873348],[-86.666450000353,30.245500000321293],[-86.65027000000296,30.24604999994772],[-86.64057999969563,30.24630999996929],[-86.6384099996509,30.24629000023087],[-86.6318200000491,30.24601000036084],[-86.62668999993923,30.24571999976526],[-86.62483000041424,30.245619999655773],[-86.62253999982059,30.245380000064262],[-86.61494000009036,30.244599999865752],[-86.61371999989962,30.24448000006171],[-86.6122899996466,30.24433999997584],[-86.60343000044095,30.2435499999103],[-86.60179000012566,30.24341000005156],[-86.59952999966926,30.243240000232145],[-86.59788000020653,30.243129999735757],[-86.59561999975013,30.243009999688823],[-86.59417000030393,30.24293999978774],[-86.59129999975217,30.24282000028486],[-86.5885509995742,30.242286999971743],[-86.58507000000046,30.24164999978076],[-86.58242999960248,30.241210000026655],[-86.57918000000741,30.24072000001047],[-86.5767299995802,30.240370000388015],[-86.57326999992286,30.239949999816655],[-86.57000000023632,30.23961000033093],[-86.56734999979258,30.23933000005389],[-86.56199000042726,30.237809999710258],[-86.55938000016647,30.237140000305182],[-86.55717999998453,30.23658999970869],[-86.55314000036904,30.235670000355057],[-86.54947999979684,30.234909999658804],[-86.54662000018912,30.234370000086937],[-86.5406699999216,30.23337999963576],[-86.53654999994019,30.232799999890847],[-86.53136999960161,30.232200000327722],[-86.52804999968635,30.2318899997785],[-86.52389000042028,30.23157999980408],[-86.51951000014786,30.231340000078987],[-86.51532999989197,30.23120999975692],[-86.51073999955727,30.231159999706648],[-86.50635000013743,30.23120999975692],[-86.50175999980273,30.231370000367722],[-86.49800999971717,30.23157999980408],[-86.49404000042188,30.231849999861748],[-86.48820999980497,30.232320000378042],[-86.48448999985662,30.23259999966719],[-86.48040000001245,30.232810000357055],[-86.47814999960177,30.232969999916328],[-86.47620999971083,30.233019999822204],[-86.46513000023175,30.23308000014139],[-86.45924000023868,30.232999999707687],[-86.45552000029035,30.232749999873093],[-86.4532499997882,30.23259999966719],[-86.45098000018436,30.23248999968123],[-86.44869999963645,30.23239999981283],[-86.44767000031484,30.2323699998384],[-86.44559999982923,30.232309999862004],[-86.43229199968081,30.231058000177335],[-86.42605000023354,30.2304700001423],[-86.4192599997169,30.229820000375437],[-86.41085999992048,30.22880999971088],[-86.40261999995765,30.22741000031503],[-86.39963999980102,30.226955999760417],[-86.39285000018268,30.226000000010266],[-86.39057999968053,30.22575000022978],[-86.38852000013897,30.225539999985116],[-86.38769999998134,30.225470000062646],[-86.38501000025292,30.225219999711033],[-86.38264000019164,30.224789999886188],[-86.37964999998927,30.224279999967067],[-86.37593000004094,30.22370000010198],[-86.37391999982978,30.223409999662987],[-86.37261000012569,30.223139999716857],[-86.36892000031459,30.22243999979686],[-86.36604999976281,30.221940000130495],[-86.36254999992249,30.221389999890402],[-86.35861999991187,30.22084999980987],[-86.35562999970949,30.220320000053583],[-86.35259000017672,30.219750000365273],[-86.35054999982833,30.21938000005259],[-86.348300000316,30.219000000359802],[-86.34465999983529,30.21841000003183],[-86.3282300001383,30.214700000341082],[-86.32580999984833,30.21405999963658],[-86.3188799995896,30.212239999721998],[-86.31668000030596,30.21168000008158],[-86.31344999990408,30.210909999932827],[-86.31062000043359,30.21027000019432],[-86.3083900001144,30.209810000358438],[-86.30637999990326,30.20940000019429],[-86.29911300025893,30.207258999868163],[-86.29473999965921,30.20596999982078],[-86.29316999966412,30.20551000007044],[-86.29118999959019,30.204960000365467],[-86.2823200003388,30.202520000142112],[-86.28108000005659,30.202089999697986],[-86.27785999970044,30.201020000370843],[-86.27535999994285,30.20023999999702],[-86.26989000007434,30.198639999896244],[-86.2580099996308,30.195340000108548],[-86.23241000020849,30.18811999997598],[-86.22570000005777,30.185939999815076],[-86.22381000039555,30.185330000373945],[-86.22285999964322,30.185019999681277],[-86.2209499998895,30.184419999927574],[-86.21806000014456,30.18355999980891],[-86.20549000013801,30.179920000215827],[-86.19330000007305,30.176399999614855],[-86.19047999975,30.175560000301218],[-86.18749999959338,30.17445000009915],[-86.18500999988152,30.173559999889047],[-86.18038000026213,30.171990000219445],[-86.17983299991597,30.285081999877555],[-86.17974599987734,30.32357999987759],[-86.17973800037971,30.327046000196248],[-86.1797299999838,30.330939999681053],[-86.17971800028825,30.333926999774754],[-86.17970900006742,30.336369999883825],[-86.17970599969438,30.337108000254275],[-86.17961799983082,30.342840999624663],[-86.17960500031035,30.344353999950737],[-86.17945100032456,30.351705000283037],[-86.1794549996242,30.352223000104722],[-86.17942100018732,30.352860000242618],[-86.17938900040028,30.353771000309603],[-86.17930200036163,30.35429299993145],[-86.17916199972125,30.3651499996585],[-86.1791590002465,30.365395999880878],[-86.18044100036151,30.365720999651252],[-86.18053800044589,30.36583799961416],[-86.1805610000121,30.37012699969328],[-86.18050800030866,30.370946999694983],[-86.18045700025505,30.371430999886165],[-86.18031699961463,30.372362000207062],[-86.18014099988754,30.37345699992253],[-86.17982299987023,30.375105000359735],[-86.17978100003744,30.375259000260336],[-86.17948300011162,30.37636699987151],[-86.17925999963053,30.3771540003737],[-86.17912499991132,30.377615999738538],[-86.17907700023073,30.37775900018807],[-86.17878900035065,30.378488000084126],[-86.17853800028048,30.379099000022855],[-86.17810499973713,30.380049000042806],[-86.17776400015359,30.380801999693226],[-86.17656800025229,30.383369000318698],[-86.17588100016404,30.384913000197034],[-86.17558900008599,30.38558099978506],[-86.17494800002848,30.386978999978467],[-86.17489699997486,30.387085999837712],[-86.17453899977457,30.38782700009417],[-86.1739000002652,30.38913499973835],[-86.16976500021518,30.398105999741887],[-86.16967900000145,30.398290999701068],[-86.16939699996914,30.398903000071886],[-86.16858100000945,30.400620000073765],[-86.16822399963407,30.40139700016995],[-86.16779099998904,30.402313000185735],[-86.16665000033932,30.40475000004535],[-86.1662899995909,30.405536000267688],[-86.16327500017248,30.411962999801908],[-86.15331000040386,30.4329989996169],[-86.15278099960103,30.434184000174785],[-86.15252700005612,30.434668999861827],[-86.15220400001594,30.43522100016885],[-86.15200300017449,30.43554999966136],[-86.1519200003338,30.435687000226807],[-86.1514209996682,30.436397000136044],[-86.15101700033549,30.43691799995218],[-86.15056399970062,30.43745699974026],[-86.15023900001061,30.437821000275537],[-86.15016700004061,30.437901000049322],[-86.14982399990892,30.438244999645427],[-86.14922600040742,30.438816999790394],[-86.14868599973394,30.43928000007452],[-86.14841600029553,30.43949199991581],[-86.14773500005506,30.440012000365623],[-86.14702000037772,30.440504000317176],[-86.1463440001601,30.44093000013037],[-86.1455769997059,30.441369000066686],[-86.14473700035508,30.441775999716754],[-86.14277300017469,30.44266099972715],[-86.14130000026395,30.44331400011212],[-86.13869900022402,30.444416999804318],[-86.13789999998275,30.44477500022001],[-86.136719999975,30.445338999942706],[-86.13605999965091,30.445634000383247],[-86.13570800019671,30.445807999862183],[-86.13527300000354,30.446052000237447],[-86.13466000043344,30.446460000274822],[-86.13431200027891,30.446730000009715],[-86.134087000148,30.44692100029124],[-86.13374300019142,30.44721800018023],[-86.13320800043911,30.447818999635576],[-86.13279099978926,30.44835999990488],[-86.13266799976563,30.448526000139868],[-86.13230799991554,30.44913600034787],[-86.13194200021763,30.449932000019604],[-86.13184099993529,30.450228000262904],[-86.13170799986591,30.45065599969482],[-86.13158400001736,30.451296000071903],[-86.1315179998951,30.451908999994256],[-86.13147699988723,30.453038999819466],[-86.13146000016879,30.453744000172613],[-86.1313970004196,30.45559799975867],[-86.13136599955914,30.45657100035489],[-86.13129399958912,30.459593999944772],[-86.13125299958122,30.46074300013254],[-86.13121599977131,30.461811000071076],[-86.13113299993064,30.46422099976189],[-86.13113200010572,30.464312999626852],[-86.13110699999137,30.464652999686997],[-86.13109699994564,30.4647500003155],[-86.13083199963177,30.464750999930367],[-86.1308059996925,30.464750999930367],[-86.12939300005623,30.46476299995339],[-86.12938800003336,30.46572599969125],[-86.1293839998354,30.466325999994048],[-86.1305880001326,30.46631099981856],[-86.13086500014202,30.46630800024781],[-86.13076100038496,30.46678699971728],[-86.1307289996996,30.466906000102735],[-86.13068900041493,30.46704899982709],[-86.13042999994886,30.466997000162813],[-86.1302640002675,30.466987999964974],[-86.13012100015237,30.467025999934325],[-86.12989299964843,30.46719699961309],[-86.12925599978887,30.467778999896744],[-86.12885599975579,30.468110000152294],[-86.12860399986072,30.468294000191467],[-86.12860399986072,30.468208000014453],[-86.12860499968563,30.467988999751892],[-86.12843999982918,30.467988999751892],[-86.12842899995852,30.467760999644696],[-86.1272720004153,30.46770400011523],[-86.12713699979777,30.46770400011523],[-86.12709999998786,30.46770400011523],[-86.12709099976702,30.467480000011104],[-86.12660399969529,30.467444999754715],[-86.12563200010001,30.46738200019071],[-86.12526700022703,30.467356999651876],[-86.12508200027911,30.467344999948434],[-86.12518500021126,30.469353999774235],[-86.12519899955664,30.46948799980873],[-86.12522700004406,30.470002000022184],[-86.12523999956453,30.470276000117995],[-86.1252439997625,30.47035399968781],[-86.12524999961028,30.47042199975814],[-86.1246889999187,30.471126000200655],[-86.12350899991094,30.473150000124104],[-86.12344600016176,30.473261000386124],[-86.12314400003795,30.4733749998748],[-86.12144799964616,30.473901999667998],[-86.12104299959022,30.473901000147112],[-86.12104799961307,30.472997999650733],[-86.12105199981104,30.472093999757423],[-86.11832699992253,30.472093999757423],[-86.1183329997703,30.47331400010389],[-86.11833100012049,30.473638000366115],[-86.11832400044781,30.475688999682365],[-86.117874000186,30.475685999626187],[-86.11716500035644,30.475680999790498],[-86.1168459996159,30.475679000010928],[-86.11683800011829,30.476506999674314],[-86.11680999963089,30.47930800036482],[-86.11722200025784,30.47931100030939],[-86.12151899979128,30.47934199998899],[-86.12159999998212,30.47934199998899],[-86.12161400022583,30.479588999930563],[-86.12246899964526,30.479596000038896],[-86.12256200043,30.480334000008074],[-86.1225699999276,30.480439000002217],[-86.12222299959797,30.480397999936905],[-86.1219349997179,30.480397999936905],[-86.12164600001287,30.48045000018677],[-86.12174499974708,30.481088999694098],[-86.12176599966348,30.481271999761667],[-86.12182400028813,30.481793999866284],[-86.12187500034175,30.482242000280714],[-86.1220269997794,30.48223899965235],[-86.12360000014753,30.482212999621623],[-86.12316499995434,30.483431999932822],[-86.12231200018475,30.483726000183097],[-86.12247700004117,30.484276000152043],[-86.12248200006405,30.484293000259168],[-86.12252300007194,30.484429999648317],[-86.12260300043788,30.4846519998707],[-86.12236900008615,30.48461299962768],[-86.1223439999718,30.484612000216764],[-86.12233300010114,30.48461100003164],[-86.11997300008562,30.484554000302232],[-86.11997499973545,30.486105000348186],[-86.11997499973545,30.486385999645325],[-86.12119499992617,30.48637799985839],[-86.12180500002155,30.486373999964655],[-86.12207500035828,30.486372999797712],[-86.12274999985266,30.486368999903785],[-86.12293700034873,30.486362000282526],[-86.12290300001354,30.486447999907227],[-86.12282699984557,30.486643000385897],[-86.12280699975408,30.4866420002217],[-86.12266500036216,30.48664100005744],[-86.11576900043862,30.486592999903426],[-86.11136200040201,30.486559999880548],[-86.10969100012458,30.48654800022134],[-86.10820300014524,30.486536999951866],[-86.10811199990864,30.490399999845213],[-86.10785300034088,30.501406000320014],[-86.10785099979273,30.501475000381543],[-86.1078130001579,30.50684900021874],[-86.10776600030223,30.5124609996874],[-86.11212999978282,30.512503999969148],[-86.11190499965191,30.512992000213664],[-86.11088200000299,30.515215000010084],[-86.11039400010637,30.51631300016013],[-86.10987299969946,30.51748700030632],[-86.10930199996216,30.51901900006544],[-86.10910000029578,30.519732000232544],[-86.10873700007262,30.521389000140967],[-86.10863599979028,30.52189900017274],[-86.10846000006318,30.52312999976995],[-86.10837700022252,30.524006999613537],[-86.10830299970435,30.524809000177047],[-86.10819999977218,30.525579000136073],[-86.10814700006874,30.526870999823153],[-86.10814100022095,30.527040000077843],[-86.10813600019809,30.52713099961705],[-86.10797800001434,30.530551000291275],[-86.10741200029992,30.530543000268178],[-86.10741599959955,30.53094899964143],[-86.10740100042926,30.53094899964143],[-86.10709699975733,30.530953999731768],[-86.10709000008464,30.53053500024442],[-86.10313699960948,30.53047999977307],[-86.10151899993379,30.53045799988536],[-86.10104600010578,30.530451000342072],[-86.09922500004052,30.530425000044435],[-86.09108899983475,30.530371999713665],[-86.09085700003115,30.5303760001192],[-86.09049499963291,30.53038400015605],[-86.08947000033415,30.530365999878814],[-86.08831700009058,30.53035700012577],[-86.08830500039502,30.530936000333863],[-86.0881990000898,30.53543799989069],[-86.08810299983034,30.538905999696876],[-86.08807400041634,30.54064199996209],[-86.08799900007325,30.545230000148393],[-86.08800400009613,30.54605599967852],[-86.08802199963948,30.549162000112492],[-86.08808299973884,30.55974800002906],[-86.09011100039167,30.55976900005759],[-86.09693000032233,30.55989200035449],[-86.09951600029365,30.559913000351866],[-86.10176800035414,30.559950000188863],[-86.10430800029472,30.559993999746634],[-86.10699100035043,30.560039999649746],[-86.10729500012403,30.56006699993591],[-86.1072430002455,30.56039000028374],[-86.10718399979595,30.560903999664674],[-86.10715500038195,30.561413000121686],[-86.10714500033622,30.561603999625536],[-86.1071379997652,30.561747000125713],[-86.10713500029048,30.561855000098713],[-86.10712500024474,30.562430999987203],[-86.10720999973523,30.563493999666328],[-86.1073000001469,30.564470999937434],[-86.10765599979906,30.568175000267452],[-86.1080109996263,30.572087999998693],[-86.10816799998513,30.573773000282383],[-86.1083060000774,30.57519700033678],[-86.10841800023039,30.576519999904125],[-86.10858899993463,30.57834699975882],[-86.10882499993618,30.58073799974428],[-86.10884099982971,30.580926999930977],[-86.10894799995982,30.58218899991822],[-86.10901499990698,30.582768000321295],[-86.10906799961042,30.583406999973782],[-86.10947000019164,30.587663000239164],[-86.1095520002074,30.588522999781805],[-86.10961800032963,30.58922499969031],[-86.10989399961585,30.592140999788008],[-86.10998499985244,30.59305399996319],[-86.11007899956378,30.594090000272633],[-86.1101210002949,30.594526000056117],[-86.11031799993839,30.59650999993478],[-86.1104529996576,30.597342999889285],[-86.11058900010002,30.5979639999968],[-86.1105940001229,30.597987999629684],[-86.1107349996899,30.598538999812273],[-86.11108500039258,30.599651000116726],[-86.11161900031998,30.60130099996025],[-86.11208700012511,30.602763000285538],[-86.11227200007303,30.603394000120684],[-86.11261299965658,30.604557999919088],[-86.1135499999901,30.60754000000772],[-86.11385799996165,30.608481000059886],[-86.1145350000042,30.61056499965837],[-86.11469999986062,30.611130000022793],[-86.11487999978567,30.61176600003327],[-86.11502200007591,30.61230800004707],[-86.11520899967364,30.61283500013854],[-86.11524200018393,30.612924999990653],[-86.11535000013896,30.61324599970972],[-86.11570800033925,30.614308000032608],[-86.11575099999695,30.614436999997025],[-86.11677000034624,30.617743999896952],[-86.1169159999361,30.61824000036494],[-86.11711500012774,30.618916999659433],[-86.11736100017502,30.620132000093104],[-86.11739399978698,30.620655000341614],[-86.11745999990923,30.621530999734183],[-86.11742700029725,30.62331199975869],[-86.11732799966474,30.624103999860562],[-86.11714799973969,30.625276999857757],[-86.11704700035567,30.625884000191824],[-86.1170010003249,30.62616000030467],[-86.11662800005601,30.628676000105948],[-86.11607900006001,30.63248599982568],[-86.11602299998353,30.63290000005513],[-86.11598100015073,30.633204999893824],[-86.11596699990702,30.63331100023348],[-86.11594799964044,30.633448999845438],[-86.11585599957893,30.634132999990136],[-86.11557000024698,30.636272000058682],[-86.11517600006168,30.638928999672636],[-86.11512900020603,30.639226000266003],[-86.1150229999008,30.63989399997307],[-86.11489700040242,30.640752000000063],[-86.11481500038666,30.641245999795217],[-86.11474500006646,30.641725000017587],[-86.11456799961614,30.64292400000631],[-86.11449499982122,30.643425000193282],[-86.11447399990482,30.643566999663214],[-86.11435500007914,30.644341000151258],[-86.11433499998763,30.64451300001954],[-86.11424600029918,30.64512100031959],[-86.11420699994112,30.64538699968359],[-86.11416799958307,30.645634000038804],[-86.11405899980313,30.646319999940832],[-86.11397099993957,30.647182999659712],[-86.11394800037336,30.64747099993311],[-86.11391800023613,30.64785100005472],[-86.11392800028186,30.64814300006908],[-86.11391800023613,30.64866500035378],[-86.11395800041909,30.649016000119936],[-86.11396199971874,30.64906200027225],[-86.11397900033549,30.64925200009844],[-86.11399299968087,30.649415000209018],[-86.1140789998946,30.64976999968862],[-86.1141919998725,30.650263999788915],[-86.11433800036069,30.650898999960376],[-86.11464600033226,30.65172000016695],[-86.11466700024866,30.65177499988359],[-86.11473400019581,30.65190700015789],[-86.11512699965789,30.65268000035331],[-86.11567400000406,30.653565000279496],[-86.11572099985972,30.653641000270014],[-86.1158170001192,30.653796000035022],[-86.11696100014193,30.655460000040115],[-86.11756500038953,30.6563410001726],[-86.11830900037918,30.657449999670884],[-86.11901900003367,30.65851499996277],[-86.11917399984436,30.658739999861666],[-86.11947199977021,30.65917300001701],[-86.12007900039083,30.6600540003087],[-86.12011000035298,30.66009800000049],[-86.12024099987423,30.660300000365435],[-86.12055700024173,30.66078799971178],[-86.12121400019274,30.66183700029761],[-86.12123799958388,30.661875999657138],[-86.12128299978973,30.661973000353743],[-86.12134999973688,30.662117000204624],[-86.12191299997657,30.663324999776158],[-86.12210200012247,30.663858000256965],[-86.12248799991184,30.665177000012623],[-86.12271800006562,30.66637900004951],[-86.1228579998077,30.667474000104576],[-86.12287299987631,30.668410999804053],[-86.12287399970121,30.66848800031948],[-86.12286299983056,30.669696999654107],[-86.12316499995434,30.669702000315237],[-86.12366899974451,30.669713999737557],[-86.12363699995745,30.669754000376635],[-86.12362600008682,30.669782000041426],[-86.12362600008682,30.669807000232055],[-86.12364500035339,30.66984300000064],[-86.1236749995923,30.669863000295543],[-86.12371300012543,30.669873999876504],[-86.12374200043776,30.66987099963969],[-86.12376599982889,30.669864000117016],[-86.12431599964981,30.670280999716603],[-86.12424100020506,30.670314999674986],[-86.12423299980912,30.670381999739764],[-86.12428200021293,30.670439999873654],[-86.12433999993925,30.670422000102278],[-86.12440900043454,30.670438000242626],[-86.12446799998575,30.67048000021216],[-86.12451800021448,30.67055500022267],[-86.12450099959773,30.67070599988188],[-86.12449300010014,30.670832999970216],[-86.12443600019873,30.670987999979594],[-86.12439099999287,30.671137000118065],[-86.12440199986352,30.671178999783702],[-86.12431900002285,30.671310000021666],[-86.12434400013723,30.671417000119582],[-86.1244010000386,30.671456000248572],[-86.12448999972707,30.67153100027406],[-86.12450399997077,30.671607999848195],[-86.12451200036669,30.671673000183443],[-86.12447399983355,30.67177500009834],[-86.1244069998864,30.67184299972428],[-86.12431800019795,30.671853000051524],[-86.12412099965614,30.671792999617686],[-86.12367100029265,30.671653000263234],[-86.12367299994247,30.671436000283453],[-86.12376599982889,30.671405999941694],[-86.12376599982889,30.671331999625444],[-86.12370999975239,30.671278999833955],[-86.12371200030054,30.67092900036426],[-86.12370599955445,30.670886000006366],[-86.12369100038414,30.670853000060177],[-86.12365500039913,30.670809999668467],[-86.12362299971376,30.670787999945816],[-86.12357699968301,30.67077000023927],[-86.12352599962938,30.67076300000911],[-86.12315800028168,30.670754999966153],[-86.1228500003101,30.670749000319834],[-86.12253099956955,30.670742000088147],[-86.12251300002619,30.67245799976848],[-86.12281799962473,30.672453999817254],[-86.12314300021305,30.67244999986594],[-86.12382500027844,30.672512000252496],[-86.12397699971609,30.67252800004671],[-86.12393599970821,30.672561999986936],[-86.12392700038569,30.672613000261176],[-86.12394699957886,30.672646000378823],[-86.1240260001199,30.67266200015084],[-86.12416500003707,30.672739000368797],[-86.1242520000757,30.672811000025362],[-86.12428300003785,30.672920000358353],[-86.12426600031941,30.673038000211637],[-86.1242100002429,30.673224000119856],[-86.1241540001664,30.67331700032602],[-86.12410300011278,30.673347000074312],[-86.12410099956463,30.673355999687963],[-86.1239909999598,30.673423999746245],[-86.12390399992115,30.673498999789086],[-86.12366100024691,30.67337800037104],[-86.12347299992594,30.673279999747926],[-86.12313700036528,30.673115000129883],[-86.12281299960185,30.67311900005373],[-86.12250600035351,30.673122999977362],[-86.12247799986609,30.676654000299266],[-86.12278900021073,30.67666000035146],[-86.12310800005297,30.67666499987959],[-86.12310999970278,30.67599799981553],[-86.123111000426,30.675910000212586],[-86.12358099988097,30.67587100033655],[-86.12376300035416,30.675827000100938],[-86.12390999976893,30.675792000004606],[-86.12399299960961,30.675766000057198],[-86.1243220003959,30.676686999808993],[-86.12545399982476,30.676707000232188],[-86.12911100002391,30.6768299996145],[-86.12999800012872,30.6768449997169],[-86.13056100036842,30.67685500029894],[-86.13112399970981,30.67686299983672],[-86.13112399970981,30.676899999814896],[-86.13112700008286,30.677987999895112],[-86.13113299993064,30.679623000146314],[-86.13113499958047,30.680408999731615],[-86.13114700017434,30.684038999741603],[-86.13112500043304,30.687660999838887],[-86.13109299974768,30.691973999827887],[-86.1310810000521,30.692170000113002],[-86.13107799967905,30.692253999671937],[-86.13108000022719,30.692575000292653],[-86.1310810000521,30.692670999931618],[-86.13108400042515,30.692923999753884],[-86.1311799997863,30.692930999922723],[-86.13171899973655,30.69297300015269],[-86.13539299965413,30.6932550001199],[-86.13943999984062,30.693564999757793],[-86.14088900036022,30.693660000381925],[-86.14169399955094,30.693760999902164],[-86.14249199996728,30.693867999844585],[-86.14343500014857,30.69405599971598],[-86.14443100003334,30.69428899990308],[-86.14540400035185,30.69458499998604],[-86.14616500005995,30.694836999863252],[-86.14714500005117,30.695246000219054],[-86.14800899969143,30.695641999998095],[-86.14823299999742,30.695763000099973],[-86.14913599999575,30.696253000142672],[-86.15004999986473,30.69683799982834],[-86.15080399990013,30.697372999836563],[-86.15258999980531,30.698701000297294],[-86.15572499977266,30.70104400032264],[-86.15548799994619,30.701307999685767],[-86.15516099970802,30.70215399974804],[-86.15503699985946,30.702476999622032],[-86.15434700029647,30.70362299986097],[-86.1534690004125,30.703873000370415],[-86.15221900008456,30.704227999795503],[-86.15217999972648,30.704239000096223],[-86.15215799998518,30.705025000082244],[-86.15167699976124,30.705019999705584],[-86.15066900018093,30.70501299964122],[-86.15062499979999,30.706257999787958],[-86.15017700008634,30.70624299962129],[-86.14977799987817,30.706231000104136],[-86.14890900021503,30.706228000224606],[-86.14885800016141,30.706228000224606],[-86.14867200038856,30.706227000007267],[-86.14858100015198,30.706227000007267],[-86.14860899974106,30.70996899994877],[-86.14883800006992,30.7099759996535],[-86.15199800015161,30.710053999639026],[-86.15216800003093,30.710062999692738],[-86.15219099959715,30.71372599970142],[-86.15223900017604,30.721112000080687],[-86.15639199976943,30.721213000209087],[-86.15640099999024,30.724060000076456],[-86.15643699997526,30.728432000045206],[-86.15794900024405,30.728443999888796],[-86.15835699977472,30.7284930000069],[-86.15985700034794,30.72848800007478],[-86.16033799967357,30.7284930000069],[-86.1606070001854,30.72849599996602],[-86.16060600036047,30.72851599969129],[-86.16058999956864,30.728606999933092],[-86.16057100020038,30.728661999876337],[-86.16059299994168,30.7302819999939],[-86.16078999958516,30.7302819999939],[-86.16295499960704,30.730306999958707],[-86.16403900025364,30.730319000341055],[-86.16453499964786,30.730324000178193],[-86.16512300000193,30.73033099994978],[-86.1651129999562,30.730685000088464],[-86.16509100021489,30.73141700004655],[-86.16733999990232,30.73142599965067],[-86.1673380002525,30.731766000295114],[-86.16716599982504,30.731761999713093],[-86.16509600023774,30.731748000377355],[-86.1650710001234,30.732098000148454],[-86.1650369997882,30.733311000139242],[-86.16502000006976,30.733892999979016],[-86.16492299998541,30.733892999979016],[-86.1621999997467,30.73388000011119],[-86.16064399999532,30.733873999755833],[-86.15787800009892,30.733861999816153],[-86.15745100030166,30.733835000139393],[-86.15745899979927,30.735368000263122],[-86.1574599996242,30.735473999695124],[-86.1574610003474,30.73562000014954],[-86.15639299959432,30.735437999697144],[-86.15425699988478,30.7350589997603],[-86.1530819998999,30.734849999628103],[-86.15293299993698,30.734823000228168],[-86.1524760000025,30.736746999899236],[-86.14986200044207,30.73625800008997],[-86.15000300000906,30.734531999695268],[-86.1499419999097,30.734521999685242],[-86.14994399955953,30.734328000365903],[-86.1486389998783,30.734089999959085],[-86.14861499958884,30.734422000299787],[-86.14860700009125,30.734534000314913],[-86.14844800008258,30.736737000119025],[-86.14832599988384,30.738372000194367],[-86.1481950003626,30.740220000307648],[-86.14810900014888,30.741425000383913],[-86.15028699969119,30.741432999973323],[-86.15030000010998,30.741552000060544],[-86.15036600023224,30.74171600017344],[-86.15042499978347,30.74178999979399],[-86.14983099958162,30.74226800027226],[-86.14978700009901,30.743221999850974],[-86.15165599984485,30.743259999695148],[-86.15163499992845,30.744110000054043],[-86.15163400010353,30.744188000218088],[-86.15161499983697,30.74497000033194],[-86.15159899994343,30.745224000207465],[-86.15158200022499,30.7453300003769],[-86.15157399982907,30.745439999671948],[-86.15150600005701,30.74629400007422],[-86.14794699976717,30.74626200023909],[-86.14778399956053,30.746260999665058],[-86.1477819999107,30.746330999677355],[-86.14777799971276,30.74644299974562],[-86.1477819999107,30.747124999983665],[-86.14783600033739,30.74793799969034],[-86.14786999977427,30.74815600035362],[-86.14788200036814,30.748236999673978],[-86.14789300023881,30.748305000232673],[-86.14794500011733,30.74868500033663],[-86.1479550001631,30.748758000231653],[-86.14804499967644,30.7492560001544],[-86.14815699982945,30.749753999818047],[-86.14096899982785,30.74970300017084],[-86.13934500030439,30.74968900035378],[-86.13938600031227,30.746960000020252],[-86.139396000358,30.74673600018371],[-86.13939499963479,30.74617600024349],[-86.13930699977125,30.746173999865597],[-86.13874600007966,30.746169000078865],[-86.13798100017361,30.746154999748107],[-86.13730999997888,30.74614199999059],[-86.13507600036004,30.746099999752484],[-86.13507600036004,30.746138999808753],[-86.13507499963683,30.74625000029821],[-86.13506999961395,30.746766000267886],[-86.13506899978904,30.74687099971673],[-86.13506899978904,30.7469260000441],[-86.13506600031431,30.74771300002533],[-86.1350649995911,30.747901999717534],[-86.13506600031431,30.748079000097828],[-86.13506299994127,30.74910499988557],[-86.13506200011635,30.749455999680716],[-86.13506100029144,30.74961000024506],[-86.13506100029144,30.749634999827183],[-86.13506100029144,30.749680999905987],[-86.13505999956821,30.749821000312622],[-86.1350589997433,30.74995600015363],[-86.1350589997433,30.749982999944702],[-86.1350589997433,30.750005000140607],[-86.13505700009347,30.750466000246856],[-86.13505299989552,30.751184000093325],[-86.13505100024568,30.7515779999622],[-86.13505000042079,30.751781000076576],[-86.13504500039791,30.752049999736265],[-86.13498299957533,30.752402999854336],[-86.13494199956743,30.752579999682293],[-86.13481400041923,30.752912000379514],[-86.13470800011403,30.75314199967509],[-86.13459699978594,30.753340000165956],[-86.13446100024183,30.75353500029825],[-86.13434300024105,30.75368599979684],[-86.13430100040824,30.753740000367813],[-86.13411999975996,30.753941000339932],[-86.13381500016142,30.75419199978508],[-86.13355999989331,30.75438899994323],[-86.1332069997159,30.754630000297784],[-86.13297200043756,30.754784000307808],[-86.13258400010005,30.755040999680777],[-86.13482299974174,30.755521999904975],[-86.13480699984824,30.756324999682],[-86.13558400034816,30.756354000169708],[-86.13714400029752,30.756412000346916],[-86.13878000041487,30.756473000349178],[-86.14017999963234,30.756525999661662],[-86.14155399980886,30.756555999783966],[-86.14165300044138,30.756557000251092],[-86.14295200027483,30.756580999878718],[-86.14417400011538,30.756600000255194],[-86.14483400043946,30.756613999839498],[-86.14478500003565,30.756679000033184],[-86.1446119997833,30.756922999905704],[-86.14446000034565,30.757102999756956],[-86.14436999993396,30.757198000314744],[-86.14424699991031,30.75729000017238],[-86.14409399974943,30.7573819999421],[-86.14353899990566,30.75764999971001],[-86.14336700037651,30.757749000003002],[-86.14330899975188,30.757802000157074],[-86.14319400012415,30.757943999697662],[-86.14314499972035,30.75804299968835],[-86.14310399971247,30.758226000338873],[-86.14309100019199,30.758410000317387],[-86.14308699999404,30.75884899984008],[-86.1430710001005,30.75962199972908],[-86.14308299979608,30.75985499973345],[-86.14311200010839,30.760060000241737],[-86.14316900000979,30.760250999716174],[-86.1432109998426,30.76033599983732],[-86.14333399986624,30.76053000004163],[-86.1434080003844,30.760617999647273],[-86.1435149996162,30.760721000127447],[-86.14360099982993,30.760790999663858],[-86.143740999572,30.7608899998146],[-86.1439420003118,30.7609820000037],[-86.14443199985824,30.76115199965203],[-86.14457999999625,30.761218999934957],[-86.14467000040793,30.76126499988332],[-86.14482600004354,30.76137399985776],[-86.144958000288,30.761497999770658],[-86.14533999987943,30.762009999761563],[-86.1454720001239,30.76213799971977],[-86.14559900034553,30.762226000171232],[-86.14566600029266,30.762264000236026],[-86.14575499998114,30.762313999770324],[-86.14589100042357,30.762364000050525],[-86.14601899957178,30.76239900038565],[-86.1461619996869,30.762431000261813],[-86.1468370000796,30.762431000261813],[-86.14697199979881,30.76244499977005],[-86.14708300012691,30.76246599980058],[-86.14718600005905,30.76250100009862],[-86.14736699980902,30.76259300029189],[-86.14748399998489,30.762669000116766],[-86.14807599963858,30.76315600012981],[-86.14820799988307,30.76325500016398],[-86.14838899963304,30.763325999798266],[-86.14861899978679,30.76337499992852],[-86.14898100018506,30.76337499992852],[-86.14943300009666,30.76336800024225],[-86.1496959998624,30.763304999955366],[-86.15093799979444,30.762767999879873],[-86.15107800043484,30.762711000075484],[-86.15138200020847,30.762662000379148],[-86.1529849998155,30.762442999730172],[-86.15336499975712,30.76344800026526],[-86.15390299988246,30.764872000202164],[-86.15399699959379,30.76512000011867],[-86.15493499975221,30.767529000074532],[-86.15409600022632,30.767791000365904],[-86.15393999969238,30.767812000001914],[-86.15384099995819,30.767791000365904],[-86.15377499983595,30.767727000307534],[-86.15371700010962,30.76762800024198],[-86.15365199981231,30.76754999976772],[-86.15360199958357,30.767529000074532],[-86.15356899997161,30.767514999761957],[-86.1534540003439,30.767529000074532],[-86.15194100025019,30.767945999739922],[-86.15035399963834,30.768404999703723],[-86.14993500023701,30.76855399989396],[-86.14958899973229,30.768736999858568],[-86.14932599996655,30.768963000131702],[-86.14909599981277,30.76921800034568],[-86.14889800034439,30.769513999628632],[-86.14881600032862,30.769697999641892],[-86.14873400031286,30.770019000228015],[-86.14837500028766,30.771423999659618],[-86.14834699980025,30.771535000329628],[-86.14828300022614,30.771756000204512],[-86.14809300025533,30.772410999768454],[-86.14788700039102,30.773003999687607],[-86.14769800024513,30.773315000209532],[-86.14750900009925,30.773577000184222],[-86.14727800012056,30.77385200009432],[-86.14686700021684,30.774218999875423],[-86.14642299980282,30.774508999843718],[-86.14585600026346,30.774748999715335],[-86.14559199977451,30.774842000054598],[-86.14508299996149,30.7749749997611],[-86.1446960003472,30.775038999629764],[-86.14444100007907,30.775038999629764],[-86.14436200043635,30.775047000285703],[-86.14385699992297,30.775095000348234],[-86.14365199988356,30.775145000162826],[-86.1434789996312,30.77523000025101],[-86.14338900011782,30.775321999853258],[-86.14329000038362,30.7754630002894],[-86.14322400026138,30.77568900020154],[-86.14317499985758,30.776642999751626],[-86.14314200024562,30.7785289999527],[-86.14306799972745,30.78419500008243],[-86.14304400033633,30.785827999658444],[-86.1430429996131,30.785865000272754],[-86.1430359999404,30.786358000362576],[-86.14303500011549,30.78643399993867],[-86.1430429996131,30.788405000339413],[-86.14303199974243,30.78952599963224],[-86.14298400006187,30.790364999969363],[-86.14125599988301,30.79039200000028],[-86.14031500024986,30.790382999733602],[-86.13946400013008,30.790336999814997],[-86.13881600039988,30.79026299969845],[-86.13802700020436,30.790129000176705],[-86.13610200038201,30.789825000074146],[-86.13587999972586,30.789794000169632],[-86.13489399988686,30.789656000274146],[-86.12498199982166,30.788213999640778],[-86.12166299973131,30.78767100035408],[-86.12086699986313,30.787533999871975],[-86.1203439998064,30.787438999935695],[-86.1202030002394,30.78742500020517],[-86.11999499982693,30.787437999789613],[-86.12102000002399,30.79018700006172],[-86.1215549997763,30.792202999654325],[-86.12174499974708,30.793227999721253],[-86.12182099991506,30.793787999854544],[-86.12210100029756,30.79584799983367],[-86.12214399995526,30.796231999953022],[-86.12220699970445,30.796669999711543],[-86.12262000015632,30.7995350000166],[-86.1227309995861,30.800303000128093],[-86.12279699970833,30.800758999991416],[-86.12302000018941,30.80226400023793],[-86.12369499968379,30.80792700002332],[-86.1237940003163,30.810217000371942],[-86.12372700036914,30.811591999737058],[-86.12372599964593,30.81162099976651],[-86.12357400020828,30.813337000051085],[-86.12343199991805,30.81450099979062],[-86.12308600031164,30.816274999891142],[-86.1227730003172,30.81783199977822],[-86.12250899982823,30.819142000093198],[-86.12248000041424,30.819288000142908],[-86.12202199975651,30.82163800021716],[-86.12183500015877,30.822597999962795],[-86.1211399996746,30.82594699996628],[-86.12106100003187,30.82632999962577],[-86.1203930002102,30.82964199987981],[-86.11961800025837,30.833490999994176],[-86.1181489996473,30.84081900028804],[-86.11747699962766,30.844256000333345],[-86.11745400006143,30.844370999949195],[-86.11602200015861,30.85167800016868],[-86.11557899956951,30.85455400000059],[-86.115530000064,30.855642000204544],[-86.11551300034559,30.856729999632897],[-86.11544700022334,30.86122000021015],[-86.11545499972094,30.861912999927274],[-86.11549499990392,30.862437999649792],[-86.11557899956951,30.86296399971271],[-86.11560200003403,30.86317899982974],[-86.11564999971462,30.863429000023036],[-86.1157259998826,30.863716999616532],[-86.11580600024854,30.863984999799875],[-86.11590199960969,30.864269000338957],[-86.11602200015861,30.864595000197564],[-86.11607300021224,30.864773000234337],[-86.11635400041962,30.86538100003354],[-86.11646599967429,30.865612000237476],[-86.11661399981232,30.86590100031303],[-86.11704499980752,30.866596000308196],[-86.11924300033967,30.86974299963195],[-86.12047600005086,30.871540999768225],[-86.12107799975031,30.872405999975165],[-86.12170999958698,30.87336199984447],[-86.12203500017532,30.87391499978489],[-86.12248200006405,30.87472399971691],[-86.12273399995914,30.875193000047926],[-86.12330399987152,30.87648400009654],[-86.12357900023115,30.87721699977945],[-86.12374300026268,30.877703999832327],[-86.12399000013488,30.87853100036091],[-86.12406499957963,30.878780999833506],[-86.12468300007093,30.88096099981695],[-86.12477199975937,30.881284000133775],[-86.12530400003695,30.88321100009693],[-86.12532300030351,30.883277000158525],[-86.12568300015363,30.8845320003038],[-86.12587700032239,30.885235999958187],[-86.12641799992247,30.887117000022172],[-86.1271450001937,30.889675000274263],[-86.12923200039775,30.897012000374225],[-86.12946000000338,30.897745999997245],[-86.1299400004024,30.89947799988926],[-86.13043800034477,30.901224999877304],[-86.13078800014914,30.902498000244105],[-86.13116800009074,30.90376700027827],[-86.13147799971213,30.90493599962879],[-86.13149500032888,30.90499400028503],[-86.13165799963717,30.905542999998495],[-86.13189500036196,30.90637299966232],[-86.13197900002754,30.906640999998242],[-86.13216999982325,30.907348000288522],[-86.13217700039426,30.90737499978507],[-86.13236499981693,30.907998000069306],[-86.13344199989253,30.911774999725093],[-86.13511200034506,30.917722999765353],[-86.13535300036949,30.918582000198313],[-86.13589499979447,30.920491000123004],[-86.1362279998804,30.921660000164927],[-86.13652400015641,30.92259299977925],[-86.13673900024158,30.923710000325865],[-86.13695299960351,30.92460800021125],[-86.13706800012955,30.925321999729015],[-86.1372909997123,30.927062000216004],[-86.13737299972807,30.927895999817434],[-86.13737899957586,30.93007699978714],[-86.1373819999489,30.931228999666406],[-86.13731599982667,30.933990999629494],[-86.13728700041267,30.939027999823132],[-86.13728400003961,30.939656000188833],[-86.13728099966654,30.94010199998942],[-86.13727700036691,30.94086000017301],[-86.13727300016896,30.94135600003799],[-86.1372620002983,30.942930999994385],[-86.13720899969654,30.94492800016187],[-86.13709800026677,30.950438000163146],[-86.13706300010666,30.9522520003767],[-86.13703600034249,30.95467599967968],[-86.13697799971786,30.95674699973757],[-86.1369450001059,30.958286999686923],[-86.1369450001059,30.958915999719114],[-86.13689599970209,30.95972900024674],[-86.13682999957985,30.960542000016414],[-86.13677199985354,30.961163999937117],[-86.13663200011145,30.962513999923093],[-86.13634300040646,30.96480400028309],[-86.13607899991749,30.966804000240263],[-86.13603600025978,30.96719199977073],[-86.13587499970299,30.96864899992907],[-86.13572800028822,30.96977799962367],[-86.13566100034107,30.97028800032373],[-86.13562700000587,30.970552000340906],[-86.1355869998229,30.970855999829773],[-86.13550599963203,30.971476000043424],[-86.13528800007215,30.973169999761915],[-86.13481000022126,30.976876000085678],[-86.13476699966526,30.977214999999543],[-86.13458900028833,30.978640999983334],[-86.13434099969291,30.98061400004154],[-86.13411399991219,30.982375999622036],[-86.13372599957466,30.985375999974533],[-86.13335599967881,30.988244000044357],[-86.13330200015045,30.988664000102492],[-86.13301300044546,30.991077000082736],[-86.1327220001923,30.99331499992935],[-86.14547600032188,30.99343800006776],[-86.15815299956022,30.993559999741624],[-86.16295799998008,30.993678000350773],[-86.16297800007158,30.993685999708088],[-86.16299700033815,30.993683999868814],[-86.16398300017715,30.99368800031739],[-86.16428699995076,30.99367000022269],[-86.16447699992156,30.993660999789093],[-86.1648810001526,30.993642000154313],[-86.16489399967307,30.99364099984919],[-86.16503199976535,30.993627000196756],[-86.16530299992698,30.99359999965125],[-86.16547100015647,30.993604000103286],[-86.16572499970137,30.993599000115758],[-86.1658440004254,30.993597000274665],[-86.16588600025818,30.993595999969074],[-86.16605399958934,30.993589000139803],[-86.16664699996628,30.99358499968709],[-86.16840299973423,30.9935590002057],[-86.16926499972466,30.993557999899714],[-86.16932099980114,30.993557999899714],[-86.17031800040913,30.993723999726395],[-86.17075000022926,30.99379999971765],[-86.17076299974974,30.993802000324557],[-86.1719140003435,30.993761000195825],[-86.17194600013055,30.993761000195825],[-86.1733150002842,30.99376800001241],[-86.17367099993635,30.993772999991133],[-86.17465500012553,30.993787999925672],[-86.17490100017282,30.993728999707432],[-86.17506699985418,30.993695000139333],[-86.17518599967987,30.993677000046006],[-86.17523599990858,30.99367000022269],[-86.17540499996298,30.99366000025424],[-86.17557400001738,30.993658999949297],[-86.17616800021922,30.993690000156576],[-86.17888999973468,30.993784000251434],[-86.17914500000279,30.993789000229267],[-86.18008300016123,30.993843999968604],[-86.18025300004055,30.993862000030404],[-86.18042000044511,30.993886999896702],[-86.18058600012647,30.99392600013709],[-86.18074500013512,30.993977999662743],[-86.18081799993007,30.994008000235134],[-86.18724600004846,30.994021000300513],[-86.19086700026261,30.994028000098066],[-86.19554799993558,30.994038000027995],[-86.20043299982308,30.994047999956827],[-86.20058000013617,30.994049000257686],[-86.20615399976174,30.9940699996426],[-86.20628900037927,30.9940699996426],[-86.2146070001599,30.994084000000086],[-86.21472599998559,30.994084000000086],[-86.2176960000965,30.99409099979297],[-86.22137699968675,30.994100000186034],[-86.22728699977131,30.99411500006916],[-86.22809100003543,30.994134000379773],[-86.2336439997446,30.994262000185238],[-86.23376900031639,30.994265000310918],[-86.23384899978402,30.994267000138006],[-86.23833500036166,30.994370000031815],[-86.24994399974523,30.99413300007982],[-86.25635900034317,30.993857000056337],[-86.25794100003382,30.99385599975353],[-86.25852199981688,30.993847999640387],[-86.25910400032315,30.993840999829626],[-86.26027099991211,30.993825000370272],[-86.26038999973781,30.993825000370272],[-86.26794000013766,30.993814999647952],[-86.27119300010575,30.993810999974784],[-86.27480500009906,30.993804999694692],[-86.28884899984124,30.993701999960816],[-86.28898899958334,30.99370099965632],[-86.28964399988452,30.99369399983482],[-86.29015699989552,30.99369399983482],[-86.29109599987885,30.993705999638554],[-86.29194600017374,30.993723999726395],[-86.29207000002229,30.993723999726395],[-86.292773999829,30.99372500003065],[-86.29305400021147,30.993726000334892],[-86.29318700028087,30.99372699986906],[-86.29432899975548,30.993733999688203],[-86.2946200000086,30.993736999830553],[-86.29479800028385,30.993738999668707],[-86.2956410000077,30.993748999628888],[-86.29645899961722,30.993749999932877],[-86.29692200029781,30.99375800005423],[-86.29715099972834,30.993761999729625],[-86.29772700038686,30.993772999991133],[-86.29823899967461,30.993781999644145],[-86.29875099986069,30.993786000088612],[-86.29909099961932,30.993789000229267],[-86.29994000008928,30.99381900009102],[-86.30078899966092,30.993827000206593],[-86.30231400034852,30.993847999640387],[-86.30275399966624,30.993870000142365],[-86.30316399974508,30.993891000336767],[-86.30358999971742,30.9939049999504],[-86.30375100027422,30.9939049999504],[-86.30427500015585,30.99390699978503],[-86.30444400021025,30.99391699972764],[-86.3048629996116,30.993967000194946],[-86.30518499982686,30.994018000167095],[-86.30523400023067,30.99402600026597],[-86.30661199970685,30.99401600033478],[-86.30912099968528,30.99399899983337],[-86.30926700017346,30.99399800030205],[-86.31560999990305,30.994029999930127],[-86.31587500021692,30.994052999920868],[-86.31744500021203,30.994190000219557],[-86.31746899960315,30.994190000219557],[-86.32254600000958,30.99421499999989],[-86.32493100013946,30.99422699973809],[-86.32731700009424,30.99423900024489],[-86.3278769999609,30.994241000072524],[-86.33081600010965,30.99425700023215],[-86.3308899997295,30.99425700023215],[-86.33093199956228,30.994257999760745],[-86.33111900005835,30.994260000358047],[-86.33196799963001,30.994283999821647],[-86.33228200034766,30.994286999946706],[-86.33404200031356,30.994301999800406],[-86.33515200000112,30.994296999849418],[-86.33555200003421,30.994299999974057],[-86.33747900040468,30.994317999949793],[-86.3384090001672,30.99432600002351],[-86.33893100039901,30.994330999972984],[-86.33926100011189,30.994334000096504],[-86.33938400013554,30.994334999624297],[-86.33988799992571,30.994340000343364],[-86.3407900000991,30.99434899994288],[-86.34252999997352,30.994366999909374],[-86.34289300019668,30.99436800020689],[-86.34839800022529,30.994384000345192],[-86.34850600018031,30.994384000345192],[-86.3488290002205,30.994384999872462],[-86.3502300001612,30.994391000116117],[-86.35043900039858,30.994391999643327],[-86.35656100019521,30.99441899996467],[-86.36476599999797,30.994451000221503],[-86.36495099994589,30.99450300023101],[-86.3650499996801,30.994542999745114],[-86.36513699971874,30.994540999923803],[-86.36521899973451,30.99454700015765],[-86.36547400000262,30.99455299962105],[-86.36752299967353,30.99453100004662],[-86.36812100007332,30.994516999754808],[-86.36837799999128,30.994518000050743],[-86.36854799987059,30.994522999990156],[-86.36936300000535,30.994532000342407],[-86.36939700034056,30.994532000342407],[-86.36983900020644,30.994519999872526],[-86.37089899966527,30.994509999993145],[-86.37202900034264,30.994482999697603],[-86.3723289999183,30.994482999697603],[-86.37257400014067,30.994477999756093],[-86.37314099968002,30.99448200017135],[-86.37320699980225,30.99448200017135],[-86.3742720001823,30.99447599993343],[-86.3743719997414,30.99447200028797],[-86.37896600027406,30.994295000022966],[-86.37907000003113,30.994291000369923],[-86.38385399963629,30.994236000118327],[-86.38864599963736,30.994180999834967],[-86.39195600040519,30.99442500020612],[-86.39197300012361,30.99442599973296],[-86.39376400005165,30.99442899985354],[-86.39574499995048,30.99441099989876],[-86.39866599965758,30.994402999832168],[-86.39894299966701,30.994392999940573],[-86.40078999967155,30.994394999764975],[-86.40248799971316,30.994430999677192],[-86.4031870003953,30.994438999741433],[-86.40509799997395,30.99441899996467],[-86.4051440000047,30.994404000129297],[-86.4052009999061,30.994402000305087],[-86.40706800000211,30.994329000147232],[-86.41265000002362,30.99412899964997],[-86.41273299986429,30.994126000290013],[-86.41297200023888,30.994118000199528],[-86.41304000001095,30.99411500006916],[-86.4132120004384,30.99410899980814],[-86.41331799984529,30.994105000147364],[-86.41343699967099,30.99410099971628],[-86.41426400039965,30.99407099994323],[-86.41428799979077,30.9940699996426],[-86.4143039996843,30.9940699996426],[-86.41449799985307,30.99407099994323],[-86.41479800032704,30.994072000243847],[-86.4150989997276,30.994072000243847],[-86.42228199970631,30.99409099979297],[-86.42273699999097,30.994087000131366],[-86.42543099991735,30.99406499967945],[-86.42554700026831,30.994064000148818],[-86.42557300020756,30.994064000148818],[-86.42558699955296,30.994064000148818],[-86.42597999991335,30.994061000016814],[-86.43849700021646,30.993954999653926],[-86.44573899974641,30.99389600030904],[-86.45470400033065,30.99379100006633],[-86.45494700000489,30.993880000088804],[-86.45499100038583,30.993972000163186],[-86.45516399973988,30.9939379999117],[-86.4553400003653,30.993937000379745],[-86.45535200006086,30.993937000379745],[-86.45538100037317,30.993937000379745],[-86.45548000010737,30.993937000379745],[-86.45549600000089,30.993937000379745],[-86.45812299998012,30.993949999684784],[-86.4581430000716,30.993949999684784],[-86.45831899979869,30.99399800030205],[-86.46073200041597,30.993980000265925],[-86.46640800014879,30.993911999756474],[-86.47307100044385,30.993738999668707],[-86.47326499971429,30.993733999688203],[-86.4745049999965,30.993701999960816],[-86.47568599982917,30.993677000046006],[-86.47789000020909,30.99367899988542],[-86.47794299991254,30.99367899988542],[-86.48334400018405,30.99368500017349],[-86.48354800039856,30.993680999724813],[-86.48356599994192,30.993680999724813],[-86.48447899998597,30.993660999789093],[-86.48466800013185,30.99365700010946],[-86.48492099985185,30.99365099981964],[-86.48509800030216,30.9936470001396],[-86.48629199965531,30.99362299974569],[-86.48858999974655,30.993574000173968],[-86.48860300016536,30.993574000173968],[-86.49351200034228,30.993471999727458],[-86.49510800027664,30.993439000375],[-86.4999499996081,30.99333899963074],[-86.50001599973035,30.993341999785518],[-86.50929400030905,30.99360299979776],[-86.51284299965484,30.9937030002653],[-86.51311999966428,30.99368500017349],[-86.51325100008386,30.993677000046006],[-86.51342400033623,30.993672000062258],[-86.52007099983942,30.993486000172677],[-86.5201470000074,30.993401999780716],[-86.5201960004112,30.993258000036768],[-86.52446399963232,30.99343600022328],[-86.52458699965597,30.993441000219406],[-86.52467200004477,30.993456000206223],[-86.52899899971543,30.9936470001396],[-86.52901399978404,30.993643999994465],[-86.52916600012,30.993655000269587],[-86.53563000022343,30.993952999820287],[-86.53565100013984,30.99394400018347],[-86.54238399985674,30.994265000310918],[-86.54248799961383,30.994270000263587],[-86.5426540001935,30.994278000341325],[-86.54281900004993,30.994285000120023],[-86.54907999976376,30.994570000023725],[-86.5550660000163,30.99484500000158],[-86.55516999977336,30.994849999923844],[-86.56343599967549,30.99522299969922],[-86.5637670001116,30.995145000263218],[-86.56408599995382,30.995066999993362],[-86.56410100002243,30.995063000372696],[-86.56553200010036,30.994967000185873],[-86.56757400009856,30.99510899985043],[-86.56788200007013,30.99510000032263],[-86.5679210004282,30.995099000032788],[-86.57072999998229,30.995044000247145],[-86.57425599976186,30.994973999914002],[-86.58046700014529,30.99496500037347],[-86.5840580002222,30.994959999687225],[-86.58890600029977,30.994952999958066],[-86.5915280002561,30.994951999666686],[-86.59156800043907,30.994951999666686],[-86.5916899997395,30.994949000332603],[-86.59209499979545,30.994941000311147],[-86.59367700038443,30.99490799992687],[-86.59420399974081,30.994896000274355],[-86.59430300037333,30.99489699979627],[-86.59696799998737,30.994930999705886],[-86.59792500041236,30.994943000124064],[-86.59796600042026,30.994943000124064],[-86.60238599997733,30.994938000206737],[-86.60818399990889,30.994931999997497],[-86.61597299978501,30.99493300028907],[-86.61977599957402,30.994923999974603],[-86.62273399998935,30.99491700024285],[-86.62288899980005,30.99491700024285],[-86.62500399959319,30.994870000380292],[-86.62731900030117,30.994859000245242],[-86.62734400041553,30.994859000245242],[-86.62775500031928,30.99485699966057],[-86.63343500025005,30.99491499965935],[-86.63453300024204,30.994885999664337],[-86.63461000023494,30.994883999850213],[-86.63463600017421,30.994883000328183],[-86.63470700031932,30.99488099974396],[-86.63502699998648,30.994872999716854],[-86.63612800035152,30.994846999816506],[-86.63614400024503,30.994846999816506],[-86.6362329999335,30.99484500000158],[-86.6368110002418,30.99483099975586],[-86.63717100009193,30.994822000201825],[-86.6393450003346,30.994770000366245],[-86.63972899957582,30.994764999669787],[-86.64216399993444,30.994733000288292],[-86.64223000005667,30.99473199999462],[-86.64840100025714,30.994664000021295],[-86.64843100039435,30.994664000021295],[-86.64853199977838,30.994664000021295],[-86.65071000021904,30.994836999971398],[-86.65093799982466,30.99485499984585],[-86.65119200026787,30.994875000301246],[-86.65124199959827,30.99486900008805],[-86.6513699996448,30.994851999738664],[-86.65149699986641,30.99483599967886],[-86.65318400003736,30.994615000214377],[-86.65321800037255,30.994615000214377],[-86.65324299958858,30.994615000214377],[-86.65871400018032,30.994641000177907],[-86.65882999963294,30.99464199970253],[-86.6651470003216,30.994672000066007],[-86.666190000062,30.994686999859166],[-86.66621099997839,30.994676999997342],[-86.66631700028361,30.99468500004088],[-86.6664710002694,30.99469699972],[-86.66996799973667,30.99469499990192],[-86.6715689996939,30.994683999746755],[-86.67159200015844,30.994683999746755],[-86.6716180000977,30.994683999746755],[-86.67164599968679,30.994683999746755],[-86.67167499999911,30.994683999746755],[-86.6717029995882,30.994683999746755],[-86.6717290004258,30.994683999746755],[-86.67175199999201,30.994683999746755],[-86.67177100025857,30.994683999746755],[-86.67178700015211,30.994683999746755],[-86.67183700038082,30.994681999928407],[-86.67211199984212,30.99468300022256],[-86.67213100010869,30.99468300022256],[-86.67216500044388,30.99468300022256],[-86.6741949998482,30.994686999859166],[-86.67514200022747,30.9946889996774],[-86.67554100043564,30.994689999971527],[-86.67570700011697,30.9946889996774],[-86.67573999972896,30.9946889996774],[-86.67575999982043,30.9946889996774],[-86.67577499988904,30.9946889996774],[-86.67579599980544,30.9946889996774],[-86.67582599994267,30.9946889996774],[-86.67587399962325,30.9946889996774],[-86.67753700040308,30.99468500004088],[-86.67762000024376,30.99468500004088],[-86.67847399983829,30.994670999771678],[-86.6848740003676,30.99456399979133],[-86.68489799975873,30.99456399979133],[-86.6883170003065,30.99450699987516],[-86.6968219996849,30.994592000359155],[-86.70140100014895,30.994636999769366],[-86.70448300041281,30.994667999658702],[-86.70561099964372,30.994487000112592],[-86.70625900027224,30.994702999944025],[-86.70655200017521,30.99486700027358],[-86.7067000003132,30.994951000145353],[-86.70766500023582,30.99502899974008],[-86.70818999994236,30.99505200025991],[-86.71127100038134,30.99525900006903],[-86.7129869999663,30.99568000032575],[-86.71462499973346,30.995731000152027],[-86.71819800026702,30.99593199988115],[-86.71830200002411,30.99593800002743],[-86.71838800023782,30.99595500018323],[-86.7184219996747,30.995960000047297],[-86.72014200035595,30.99633300010176],[-86.7228570001987,30.996479000374084],[-86.72358500029485,30.996568999702706],[-86.7244060002774,30.996551000151808],[-86.72550099989634,30.996512999719737],[-86.72554199990424,30.996501999774246],[-86.72569500006512,30.99650900015971],[-86.72639999969672,30.99654199999007],[-86.72664599974402,30.996535999881758],[-86.72667000003345,30.99653500037703],[-86.72706900024163,30.996524999938913],[-86.72711299972424,30.996518999829515],[-86.72714299986148,30.996510999939748],[-86.72759800014614,30.996395999814197],[-86.7280030002021,30.996295999860134],[-86.72822099976199,30.996242999780385],[-86.72823400018078,30.99625600031118],[-86.72960599980915,30.996574999808963],[-86.73274599979936,30.996417999728422],[-86.73675100015305,30.996555999984633],[-86.737480999899,30.996768999703523],[-86.73973200013461,30.99655700025918],[-86.74113600044834,30.996436000074485],[-86.7449779996971,30.996390999972974],[-86.74523999963792,30.996289999736387],[-86.74536900040766,30.99629299979833],[-86.74995700019423,30.996397000090425],[-86.75119699957813,30.996470000205505],[-86.75526700022915,30.99670900028636],[-86.76416999999081,30.996791000301748],[-86.77243500006801,30.996859000298553],[-86.77592099966462,30.996890000235716],[-86.778109000151,30.996910000264357],[-86.78569200016281,30.99697999994659],[-86.78587299991278,30.99698199971673],[-86.78825899986757,30.996998999686443],[-86.78829099965462,30.996998999686443],[-86.79118600032074,30.99702700030936],[-86.79383300039146,30.997052000116092],[-86.79647999956384,30.99707599964717],[-86.8010670004238,30.997115999622253],[-86.80876800043637,30.997181999621418],[-86.8099590003148,30.997195000024206],[-86.81021600023274,30.99719800005769],[-86.8190269999329,30.997285000217225],[-86.8274679997372,30.99736999976543],[-86.83020400039466,30.99739800027943],[-86.83049700029764,30.997401000306525],[-86.83193300039842,30.997378000353123],[-86.83839300030388,30.997432000067484],[-86.83867299978805,30.99743399982816],[-86.84056099980047,30.99744400017101],[-86.84921599986501,30.99749300006457],[-86.84946600011027,30.997494000329297],[-86.84950799994306,30.997494000329297],[-86.85216500005949,30.997511000207727],[-86.85454400034159,30.99752399979563],[-86.85476799974927,30.997526000324424],[-86.86277199971056,30.997569999626453],[-86.86670500009423,30.997593000303517],[-86.86719999966354,30.997593000303517],[-86.87456500011547,30.99759999983892],[-86.87881899999118,30.997604999616755],[-86.87928000012364,30.997604999616755],[-86.87962300025531,30.997619000225303],[-86.88013700009121,30.997613999678215],[-86.88048900044372,30.99762299973877],[-86.88131700009897,30.997643000383725],[-86.88197900007287,30.997637999837846],[-86.8840160000482,30.997687999894403],[-86.88589700038794,30.99762099998206],[-86.8861269996434,30.997660000235605],[-86.88718799982546,30.997692000175032],[-86.88780200011878,30.99771800006982],[-86.88841700023703,30.99774399995746],[-86.88844599965103,30.997745000219556],[-86.88845999989474,30.997745999711597],[-86.88864700039079,30.997754000267808],[-86.8887109999649,30.997757000283645],[-86.89072200000096,30.997745999711597],[-86.89915000028478,30.997695999685448],[-86.8993219998139,30.997686999631775],[-86.9037780002543,30.99755400002262],[-86.90470800001683,30.997567000374712],[-86.9052269998756,30.997573999912017],[-86.90610399993464,30.99758499973386],[-86.90625799992043,30.997587000261372],[-86.9066930001136,30.997590999776186],[-86.91085099972986,30.997637999837846],[-86.911105999998,30.9976409998574],[-86.91521500010876,30.997681999858248],[-86.91548899974514,30.9976849998764],[-86.91575300023412,30.997686999631775],[-86.91962100032045,30.997683000120993],[-86.92279100044786,30.997678999839994],[-86.92557800026066,30.997675000328854],[-86.925707999957,30.997677000084444],[-86.92781000022967,30.99770400024579],[-86.93073900033266,30.99774299969535],[-86.93077199994462,30.99774299969535],[-86.93215899964163,30.997762000053253],[-86.9377969997396,30.997839999659032],[-86.93781299963312,30.997839999659032],[-86.93782500022702,30.997839999659032],[-86.93784600014342,30.997840999920108],[-86.93791300009057,30.997842000181187],[-86.94415100023816,30.99792399999237],[-86.94446400023261,30.997928000263087],[-86.95306200039575,30.998044999829137],[-86.95319000044225,30.998047000347004],[-86.95321100035865,30.998047000347004],[-86.95324399997062,30.998047000347004],[-86.95330900026796,30.99804799983588],[-86.95337000036733,30.99804900009478],[-86.95369199968428,30.998053000360258],[-86.954587000185,30.99806499961556],[-86.95606599994352,30.998085000167823],[-86.96044899969066,30.998144000001446],[-86.96047700017806,30.998144000001446],[-86.96568699975556,30.998216000062197],[-86.965887999597,30.998220999807685],[-86.96592600013015,30.99822200006478],[-86.97111599961616,30.99829200032398],[-86.97994399993307,30.998409999698612],[-86.98209700025936,30.998437999907253],[-86.98714500035346,30.99850900026199],[-86.98759700026508,30.998515000246137],[-86.9984769997276,30.99866100025802],[-86.99854500039798,30.99867600019382],[-86.99996499970693,30.998996000315845],[-87.00433900013158,30.999317000379698],[-87.00473699961653,30.999317000379698],[-87.00726300021172,30.999320000346415],[-87.00974299987783,30.999323999788547],[-87.0133869996582,30.999338999620065],[-87.01346700002414,30.999338999620065],[-87.01985800033262,30.999360000150283],[-87.02388899972725,30.999374999976133],[-87.0241449998203,30.999372000011135],[-87.0244200001799,30.999361999870477],[-87.02443600007345,30.99936099962539],[-87.02694599987677,30.999163999642043],[-87.02739500031366,30.999154999726915],[-87.02815900039482,30.999151000277696],[-87.02840500044212,30.999155999974214],[-87.02908699960919,30.999170000355043],[-87.02920499960997,30.999170000355043],[-87.02996000036862,30.999170000355043],[-87.03011000015643,30.999170000355043],[-87.03074799984088,30.999172000079273],[-87.03530200019058,30.999189999905532],[-87.03583799976778,30.999222000101568],[-87.03646499958158,30.999258999977993],[-87.036493000069,30.999260999700375],[-87.03713199957836,30.999310000200335],[-87.03715400021798,30.999311999921588],[-87.04011900030599,30.999537999728418],[-87.04022899991085,30.99954700037741],[-87.04076399966316,30.999394000008856],[-87.04077500043212,30.999391000044454],[-87.04097999957321,30.99933800014471],[-87.0413439996213,30.999256000009353],[-87.04165699961574,30.999210000221836],[-87.04189099996746,30.999203000034587],[-87.04215700010624,30.999194000123136],[-87.04221599965747,30.999192999876247],[-87.04279099959274,30.999185000210797],[-87.0437449996447,30.999197000093684],[-87.04440800034182,30.999197000093684],[-87.04584100006959,30.999204999758117],[-87.04702699992511,30.999207000251644],[-87.04796599990847,30.999204999758117],[-87.04832400010874,30.999204000281377],[-87.04883000044704,30.999210999698523],[-87.04981899976079,30.999207000251644],[-87.05066099965973,30.99921300019186],[-87.05166199956734,30.99921300019186],[-87.05254899967214,30.99922900028738],[-87.05258399983225,30.999229999763863],[-87.05317300001121,30.9992149999152],[-87.05335999960896,30.9991809999928],[-87.05352500036372,30.999133999921582],[-87.05367900034952,30.999130999949013],[-87.05502900023657,30.999099999970316],[-87.05504599995503,30.999099999970316],[-87.06020200000415,30.999151999755007],[-87.0640630004178,30.99919100015245],[-87.06688399966747,30.99937399973114],[-87.06704299967612,30.999396999973104],[-87.06760199971787,30.99930499974187],[-87.06850700026432,30.99909899972243],[-87.0686329997627,30.999142999838746],[-87.07099299977823,30.999154999726915],[-87.07597800012316,30.999182999716798],[-87.07610799981948,30.99918399996379],[-87.08097000014074,30.999207000251644],[-87.08558999971436,30.999241999641143],[-87.0896190003575,30.999260000224197],[-87.08988600032119,30.99926199994649],[-87.09689799969739,30.999304000266175],[-87.09691199994109,30.999304000266175],[-87.10539999960103,30.999348999763086],[-87.11507300018995,30.999402999901427],[-87.11515100000776,30.999404000146118],[-87.11646999993269,30.999413000037734],[-87.11887299960593,30.99942700038083],[-87.1249690003616,30.99880299981253],[-87.12699299991816,30.99887200016503],[-87.1339800000783,30.999207000251644],[-87.13559000025637,30.99928399996958],[-87.13579799977053,30.999294000118432],[-87.14075499962802,30.999531999808582],[-87.1493700004079,30.99934800028785],[-87.14959399981558,30.999342999831434],[-87.15059399989829,30.9993220000675],[-87.16078899982071,30.999105999917326],[-87.16279800020693,30.999052999859178],[-87.16308400043721,30.999045000181972],[-87.16331399969265,30.999037999982665],[-87.1635430000215,30.99903200003138],[-87.16365299962636,30.999029000055604],[-87.16381400018318,30.99902400035248],[-87.1640839996216,30.99901700015157],[-87.16421400021625,30.99901299992654],[-87.16434300008768,30.999009999950214],[-87.16439300031641,30.99900899970139],[-87.164661000105,30.999002000269396],[-87.16545799979811,30.99898799986391],[-87.17047300028025,30.998850000046883],[-87.17149000008139,30.998823999690746],[-87.17250699988253,30.9987980000975],[-87.17405599996124,30.998756999806496],[-87.17480199960075,30.998741999883368],[-87.17523799961883,30.998728999691465],[-87.17530899976394,30.99872699995794],[-87.17537999990904,30.998725000224372],[-87.17544400038148,30.99872399997257],[-87.17550899978048,30.99872200023894],[-87.17938500026273,30.998618000172296],[-87.18326000002176,30.99851399999217],[-87.18332600014402,30.998512000254138],[-87.18800299961904,30.998389999984557],[-87.18817900024445,30.998385000247872],[-87.1882389996206,30.99838399999251],[-87.18971300025454,30.998346000290823],[-87.19339800004276,30.99825200007219],[-87.1967000004147,30.998136999735955],[-87.20013199958463,30.99801700027516],[-87.20015300039934,30.998016000015912],[-87.20058500021946,30.998002000235683],[-87.20549699987113,30.997833000141252],[-87.20623500001302,30.997807000277863],[-87.21183799995089,30.997613999678215],[-87.21817900003067,30.997395999747948],[-87.221462000136,30.99728099991959],[-87.22441399980521,30.997178000089455],[-87.22474600006623,30.99716799971875],[-87.22517399968841,30.99713600037349],[-87.225601000384,30.99710299997868],[-87.22638999968119,30.997041999732147],[-87.22717899987668,30.996981000216685],[-87.22953999971713,30.996816000170284],[-87.22973999973368,30.996802000213904],[-87.23716299991192,30.996414999670407],[-87.23768500014373,30.996392999755482],[-87.23790500025174,30.996412000382342],[-87.23807699978089,30.996425999625988],[-87.2381129997659,30.996428000177808],[-87.23831399960736,30.996447000027633],[-87.2388659999764,30.99649999999403],[-87.23941900017037,30.99655299993096],[-87.23967299971525,30.99656999997713],[-87.23991200008987,30.996587000020273],[-87.24007600012138,30.99659699968189],[-87.24022599990923,30.99661099966837],[-87.24041500005511,30.99663600035421],[-87.24052700020809,30.996642999959786],[-87.24155800025295,30.99672500003194],[-87.24923999999896,30.997668000028927],[-87.24992700008721,30.997751999743798],[-87.24997300011796,30.99775799977561],[-87.2517780002897,30.997913000209632],[-87.25240199973048,30.99793600003399],[-87.25478000018765,30.997928000263087],[-87.25520299978696,30.997927000002914],[-87.25554099989574,30.99790599992716],[-87.25583600034686,30.99789699989332],[-87.25703100042323,30.997851000220226],[-87.25713900037826,30.997863000271035],[-87.2571639995943,30.997862000010176],[-87.25723700028756,30.997860999749303],[-87.25729400018896,30.99786000025848],[-87.25743499975596,30.9978559999849],[-87.25748199961161,30.997854999723977],[-87.25801200023936,30.997845999685303],[-87.25807499998855,30.997845000194314],[-87.25941499982989,30.997830999618948],[-87.25967799959561,30.997831999880074],[-87.25980800019026,30.99782800037536],[-87.26000499983377,30.997807999769257],[-87.26044400022491,30.997801000249126],[-87.2608240001665,30.997795000220005],[-87.26115999972716,30.997801999740584],[-87.26121300032892,30.997801999740584],[-87.2616069996159,30.997801999740584],[-87.26296400007398,30.997799999987617],[-87.26384799980575,30.99780300000207],[-87.26402100005811,30.99780300000207],[-87.26465200006987,30.99780499975496],[-87.26482299977408,30.997806000016432],[-87.26500299969916,30.99780300000207],[-87.26569200033553,30.997789999682155],[-87.26571499990176,30.997789999682155],[-87.26648599965563,30.997757000283645],[-87.26665899990796,30.99776699982258],[-87.27627399987226,30.99830199980682],[-87.27796900043913,30.99830900006016],[-87.27807400002112,30.99830900006016],[-87.27817799977818,30.99831000031634],[-87.28473099957007,30.998339000040218],[-87.28487000038555,30.998339000040218],[-87.28863800001447,30.998343000293467],[-87.28872800042615,30.998343000293467],[-87.28874099994661,30.998343000293467],[-87.28878199995451,30.99834399977925],[-87.28882899981019,30.99834399977925],[-87.2889640004277,30.99834399977925],[-87.28908099970525,30.99834399977925],[-87.28914900037563,30.99834399977925],[-87.28918000033777,30.99834399977925],[-87.28920000042926,30.99834399977925],[-87.29099499965693,30.998352000285273],[-87.2954689996407,30.998386999988575],[-87.29571399986307,30.99838899972923],[-87.29772099970117,30.998400000227107],[-87.2993619998414,30.99841599968898],[-87.30152799968815,30.998437999907253],[-87.30154799977963,30.998436999652423],[-87.30366299957277,30.998321000053338],[-87.30398700033619,30.99825099981541],[-87.30402999999389,30.99819099979057],[-87.30905299997363,30.998339000040218],[-87.30919299971573,30.99834500003505],[-87.30922399967787,30.998346000290823],[-87.30923500044685,30.998346000290823],[-87.30927999975437,30.998349000288112],[-87.30948899999171,30.99835500028236],[-87.30961600021335,30.998358000279342],[-87.30982499955239,30.998364999758547],[-87.31194899956637,30.998434999912778],[-87.31199600032035,30.998376000259174],[-87.31213000021465,30.998207000057544],[-87.31226400010897,30.99803800032646],[-87.3123389995537,30.997958999852752],[-87.31235500034556,30.99794300031419],[-87.31236799986603,30.99793600003399],[-87.31244599968383,30.997892000130786],[-87.31252199985181,30.997863000271035],[-87.31255500036208,30.997854999723977],[-87.31262300013415,30.997839999659032],[-87.31266499996696,30.99783499989351],[-87.31411600013637,30.997839999659032],[-87.3146550000866,30.99784800020729],[-87.31467199980504,30.99784800020729],[-87.31469299972144,30.997848999698252],[-87.31492799989809,30.997851999711166],[-87.31517499977029,30.99784999995924],[-87.31518700036418,30.99784999995924],[-87.31520599973244,30.99784999995924],[-87.31523599986966,30.99784999995924],[-87.31583099989642,30.99784699994633],[-87.31674700031353,30.997848999698252],[-87.31696400004851,30.997845000194314],[-87.31709499956976,30.997833000141252],[-87.31724100005796,30.997843999933263],[-87.31725699995147,30.997845000194314],[-87.31814200040644,30.997839000167968],[-87.31846600027154,30.997839999659032],[-87.31878299956564,30.997836999645752],[-87.31960100007348,30.99783600015465],[-87.32106499976335,30.997839000167968],[-87.32267300029162,30.99783600015465],[-87.32268900018514,30.99783600015465],[-87.32270799955339,30.99783600015465],[-87.32383900005566,30.997833999632356],[-87.32567699983937,30.997842999672212],[-87.32601199957512,30.997842999672212],[-87.32620200044424,30.997842999672212],[-87.32669100016578,30.997837999906853],[-87.32688899963418,30.997842000181187],[-87.32701300038104,30.997845000194314],[-87.32711399976509,30.997845000194314],[-87.32905700002908,30.997851999711166],[-87.32909700021206,30.997851999711166],[-87.32948499965126,30.997842000181187],[-87.33157000020547,30.997842999672212],[-87.33210199958474,30.99784800020729],[-87.33262299999163,30.99784800020729],[-87.3330499997889,30.99784999995924],[-87.33398299992444,30.99786000025848],[-87.3340070002139,30.99786000025848],[-87.33404499984871,30.99786000025848],[-87.33407800035901,30.997854999723977],[-87.33411299962079,30.997857999736684],[-87.3341920001618,30.99786600028344],[-87.33423099962157,30.997869999786552],[-87.33425999993388,30.997877000071657],[-87.33427099980454,30.99788199983497],[-87.33429000007112,30.997875000320267],[-87.33499100040308,30.99794399980417],[-87.33502999986283,30.99794800007405],[-87.33506900022087,30.99795200034375],[-87.33527000006234,30.997972000149616],[-87.33693499959367,30.998136000248007],[-87.33725299961098,30.998166999770106],[-87.33743300043436,30.99818400029854],[-87.33779499993429,30.99821799980644],[-87.33808700001235,30.998247999815057],[-87.33831999964085,30.998271999815202],[-87.34396500030982,30.998271000328604],[-87.3444830003437,30.99827000007208],[-87.34732600023297,30.99827000007208],[-87.34789399959725,30.99827000007208],[-87.35078199969234,30.998168000027697],[-87.3507990003091,30.998166999770106],[-87.35545099966978,30.99786500002267],[-87.35557000039378,30.997858999997597],[-87.35720999981075,30.997860999749303],[-87.35831600019867,30.9978559999849],[-87.35935599956603,30.99786000025848],[-87.35955300010785,30.9978559999849],[-87.3595639999785,30.9978559999849],[-87.36020599986094,30.997843999933263],[-87.36060699971891,30.99783600015465],[-87.36117400015657,30.997831999880074],[-87.36237199970768,30.997839999659032],[-87.36288100041904,30.997854000233076],[-87.36341500034641,30.997862000010176],[-87.36372099976984,30.997860999749303],[-87.36376400032587,30.99786600028344],[-87.36386800008293,30.997892000130786],[-87.36388399997648,30.997895999632817],[-87.36390900009083,30.997892999621303],[-87.363979000411,30.997886000107407],[-87.36402600026668,30.997872000308096],[-87.36411699960496,30.997860999749303],[-87.36422799993305,30.997860999749303],[-87.36466700032418,30.997884999846775],[-87.36543800007803,30.997895999632817],[-87.36615299975539,30.997910999688955],[-87.36685900011022,30.99789699989332],[-87.36704900008102,30.997890999870243],[-87.36729000010544,30.997878999823023],[-87.36770699985695,30.99788199983497],[-87.36783200042875,30.99789399988182],[-87.37025500019347,30.99830600006169],[-87.37028000030782,30.99831000031634],[-87.37047199992844,30.998343000293467],[-87.3706309999371,30.9983420000377],[-87.37204500029658,30.99822200006478],[-87.37305200005198,30.998136000248007],[-87.37335400017578,30.9981099996972],[-87.37341600010005,30.99810499994585],[-87.37343899966626,30.998103000199226],[-87.37349999976564,30.998097000189116],[-87.373560999865,30.998091999667114],[-87.37496000015588,30.997972000149616],[-87.38080099974515,30.99798700019386],[-87.38130700008342,30.99798799968337],[-87.3813249996268,30.99798799968337],[-87.38138400007634,30.99798899994291],[-87.38143599995487,30.99798899994291],[-87.38148500035867,30.99798899994291],[-87.38151799997064,30.99798899994291],[-87.38750900024603,30.998005000243776],[-87.39168799977867,30.998014000267435],[-87.39184500013752,30.998014000267435],[-87.39187299972662,30.998014000267435],[-87.39472800020978,30.998020000282764],[-87.39792099990343,30.998026999786767],[-87.3984759997472,30.998028000045895],[-87.39850900025748,30.998029000305014],[-87.3985390003947,30.998029000305014],[-87.39858500042547,30.998029000305014],[-87.39863899995382,30.998029000305014],[-87.39868599980949,30.998029000305014],[-87.40037700017841,30.998032999801293],[-87.40192399970898,30.998035999808405],[-87.40357300024512,30.998038999815424],[-87.40404500024822,30.99804000007443],[-87.40428500044773,30.99804000007443],[-87.40447600024343,30.99804000007443],[-87.40730400006409,30.998046000088078],[-87.407381000057,30.998046000088078],[-87.40780000035666,30.998047000347004],[-87.40784899986214,30.998047000347004],[-87.40789200041816,30.998047000347004],[-87.40791900018233,30.99804799983588],[-87.40794599994652,30.99804799983588],[-87.40805499972647,30.99804799983588],[-87.40810400013027,30.99804799983588],[-87.40811699965074,30.99804799983588],[-87.4087600002564,30.998050000353683],[-87.40975600014113,30.998052000101396],[-87.41507399967365,30.99806599987428],[-87.41528600028408,30.998059000373143],[-87.41529700015474,30.998059000373143],[-87.42561599992571,30.99774099994115],[-87.42563099999431,30.99774099994115],[-87.42596800027822,30.99773999967907],[-87.42642299966457,30.997737999924816],[-87.43011900022177,30.997745000219556],[-87.43134299971214,30.99774299969535],[-87.43201100043215,30.99775499975975],[-87.43202599960244,30.99775499975975],[-87.43374100026082,30.997807000277863],[-87.43431600019609,30.997819999825424],[-87.43533600037028,30.99784800020729],[-87.4356629997101,30.997848999698252],[-87.43568799982447,30.997848999698252],[-87.43720199974305,30.997857000245812],[-87.44144300009832,30.997877000071657],[-87.44145800016693,30.997877000071657],[-87.44355299986857,30.997887999858566],[-87.44459899998205,30.99789399988182],[-87.44653100037539,30.9978729997988],[-87.44690100027125,30.997863999761847],[-87.4472569999234,30.99786000025848],[-87.4473129999999,30.99786000025848],[-87.44961199991604,30.997836999645752],[-87.44976099987895,30.997837999906853],[-87.44978199979535,30.997837999906853],[-87.45079899959651,30.997842000181187],[-87.4516649997849,30.997839999659032],[-87.45332299964355,30.99784999995924],[-87.45348900022321,30.997851000220226],[-87.45372100002682,30.997851999711166],[-87.45380600041564,30.997852999972128],[-87.4541009999684,30.9978559999849],[-87.45480599960001,30.99786500002267],[-87.45568299965907,30.997871000047336],[-87.45810899979685,30.99789399988182],[-87.45824100004131,30.997901000165108],[-87.45838400015646,30.997914999960223],[-87.4584650003473,30.997934999773896],[-87.45850899982992,30.99794600032415],[-87.45868100025736,30.997934000283838],[-87.45892499975652,30.9980629998681],[-87.4591840002226,30.998133000244028],[-87.45975800033297,30.997982999925608],[-87.46158799972075,30.997946999814083],[-87.46172800036115,30.997919999721535],[-87.46184299998887,30.99789699989332],[-87.46206399992182,30.997895999632817],[-87.46222700012844,30.9978980001538],[-87.46260299987208,30.997902999915954],[-87.46468400022835,30.99790599992716],[-87.46525599979056,30.998026999786767],[-87.46527599988204,30.998023000290296],[-87.46533500033158,30.998010000000317],[-87.46543499989069,30.997996000219224],[-87.46550299966276,30.997985999934308],[-87.46563699955706,30.997984000185195],[-87.46609400038986,30.997991999951342],[-87.46615100029128,30.997990999691908],[-87.46633000039141,30.99798899994291],[-87.46642800030071,30.99798799968337],[-87.4666819998456,30.997978999657203],[-87.46682400013583,30.99797699990795],[-87.46687600001437,30.997975999648297],[-87.46702699962711,30.99797399989898],[-87.46709500029749,30.99794000030415],[-87.46711899968861,30.997901999655575],[-87.46712799990944,30.997833000141252],[-87.46729100011605,30.997854999723977],[-87.46747799971381,30.99786500002267],[-87.46981199979007,30.997860999749303],[-87.47167800006116,30.997863000271035],[-87.4724680000816,30.997869000295804],[-87.47269200038758,30.997871000047336],[-87.47354500015719,30.997869999786552],[-87.47608099989982,30.997866999774224],[-87.47719300013551,30.997862000010176],[-87.47723699961814,30.997862000010176],[-87.47739200032714,30.997863999761847],[-87.47745300042651,30.99786500002267],[-87.4776009996662,30.997866999774224],[-87.47765000007,30.997868000035023],[-87.47773700010863,30.997869999786552],[-87.47787000017803,30.9978729997988],[-87.47798800017881,30.9978729997988],[-87.47826799966296,30.997875000320267],[-87.478712000077,30.997877000071657],[-87.4789959997591,30.997878000332367],[-87.47916599963843,30.997878999823023],[-87.47919499995074,30.99788000008368],[-87.47935399995941,30.997887000368],[-87.47945600006665,30.997892000130786],[-87.47952899986159,30.997901999655575],[-87.4795580001739,30.997910000198644],[-87.47958499993808,30.997922999732143],[-87.47960900022753,30.99794000030415],[-87.47962799959578,30.997958000362935],[-87.47970100028903,30.99796199986219],[-87.47986600014549,30.997972000149616],[-87.48002000013126,30.997981000176445],[-87.48029100029291,30.997996999708622],[-87.4816000001721,30.99807399963361],[-87.48271499988255,30.998139000251875],[-87.48377299969157,30.998106999692403],[-87.48517299980735,30.998071999886356],[-87.48599200014009,30.998053999849084],[-87.48606199956197,30.998053000360258],[-87.48610099992003,30.998052000101396],[-87.48762200040964,30.998019000023557],[-87.48834200010987,30.99799900022749],[-87.48837399989692,30.99799799996807],[-87.48842099975258,30.997996999708622],[-87.48843900019426,30.997996999708622],[-87.49000900018935,30.99797999991683],[-87.49651599995047,30.997946999814083],[-87.4983760003738,30.997937999784046],[-87.49842800025233,30.997937000294012],[-87.49844199959772,30.997937000294012],[-87.49851199991792,30.99793600003399],[-87.49897399987528,30.997852999972128],[-87.49998099963068,30.997672000310395],[-87.50519199993141,30.997648000159312],[-87.50773100004709,30.99763700034467],[-87.51322900040297,30.99761300018473],[-87.513337000358,30.997601000102527],[-87.51340900032802,30.997593000303517],[-87.51483299983495,30.997547999977968],[-87.51494499998793,30.997543000197155],[-87.51556500012904,30.99758499973386],[-87.5177519998922,30.997593999797214],[-87.52014299986988,30.997592000039898],[-87.52710200044093,30.997674000066034],[-87.52746399994085,30.99767800034725],[-87.52787700039272,30.997683000120993],[-87.527967999731,30.997684000383657],[-87.52798600017267,30.9976849998764],[-87.52800399971602,30.9976849998764],[-87.52801799995972,30.9976849998764],[-87.5308059995974,30.99771800006982],[-87.53082599968891,30.99771800006982],[-87.53366799975326,30.997748000235735],[-87.54080999972412,30.99783499989351],[-87.54083499983847,30.99783499989351],[-87.54093000027304,30.997836999645752],[-87.54095299983925,30.997836999645752],[-87.54110000015234,30.997839000167968],[-87.5413779999867,30.997842000181187],[-87.54269400043688,30.997857999736684],[-87.54804299993157,30.997916999710775],[-87.54805999965,30.997922000241957],[-87.54814099984084,30.997857999736684],[-87.54817500017604,30.997833000141252],[-87.54819699991734,30.997816999811505],[-87.54822299985662,30.99779699997309],[-87.5483910000861,30.997671000047525],[-87.5485600001405,30.997569999626453],[-87.54861600021701,30.9975449999555],[-87.54862799991257,30.997541999932935],[-87.54866499972249,30.997529999841795],[-87.54871300030139,30.997517999749142],[-87.54879100011918,30.99750800018409],[-87.5488699997619,30.99750999994319],[-87.54901200005212,30.99751599999022],[-87.54973400030049,30.997546000219682],[-87.54992000007331,30.997551000000346],[-87.55012699976257,30.99755800030881],[-87.55039600027438,30.997567000374712],[-87.55095399959289,30.997599000345346],[-87.55125400006686,30.997607000143844],[-87.55243999992241,30.99761300018473],[-87.55486199986221,30.99758199971255],[-87.555500000445,30.997587000261372],[-87.55552499966103,30.997587000261372],[-87.55569799991338,30.99758799975507],[-87.55666399966091,30.997611999921315],[-87.5575149997807,30.99760899990086],[-87.55929400001315,30.99759600032448],[-87.5604780002189,30.997579999954993],[-87.5629429998164,30.997551000000346],[-87.56371600011839,30.997546000219682],[-87.5637939999362,30.99754399969131],[-87.56412199999924,30.997541999932935],[-87.56444800041248,30.99754000017452],[-87.56474700016322,30.997535999887592],[-87.5651670002878,30.997535999887592],[-87.56553200016077,30.997535999887592],[-87.5664279995881,30.997534999623298],[-87.56841199985998,30.99754000017452],[-87.56853599970853,30.997541999932935],[-87.56859199978504,30.997543000197155],[-87.56878699977871,30.997546999713816],[-87.56906299996322,30.99754399969131],[-87.57051999998042,30.997546999713816],[-87.57074900030928,30.997546999713816],[-87.57076000017993,30.997546000219682],[-87.5707719998755,30.997546000219682],[-87.58109400001952,30.997605999880314],[-87.58114900027111,30.997607000143844],[-87.58116000014175,30.997607000143844],[-87.58117600003528,30.997607000143844],[-87.5812129998452,30.997607000143844],[-87.58142700010545,30.997607999637328],[-87.58551600012473,30.99762700002212],[-87.58588900039364,30.997619000225303],[-87.5930820004181,30.997482000232115],[-87.59608400031604,30.99747399965308],[-87.59882900029604,30.997455000007868],[-87.59883900034177,30.99742600001522],[-87.59883900034177,30.99739800027943],[-87.59871100029525,30.99723900024899],[-87.59862099988356,30.997073999879],[-87.59862099988356,30.997041000232713],[-87.59864699982285,30.99682099998923],[-87.59879999998373,30.996765999656542],[-87.59883799961855,30.996765999656542],[-87.59899099977942,30.996551000151808],[-87.59899800035042,30.99629799964463],[-87.59862099988356,30.995633000069123],[-87.59858900009651,30.99541299965781],[-87.59870999957204,30.9950280002195],[-87.59842900026295,30.994587999948504],[-87.59823699974402,30.994291000369923],[-87.59813499963677,30.993675000206554],[-87.59810899969749,30.993349999941028],[-87.59819800028427,30.992993000143006],[-87.5981659995989,30.992993000143006],[-87.59775800006821,30.992431999850872],[-87.5976869999231,30.992134999719426],[-87.59759800023465,30.991611999861192],[-87.59743800040107,30.991277000048832],[-87.59733600029382,30.99100199979484],[-87.59717599956194,30.99078200025291],[-87.59714399977489,30.99078200025291],[-87.59670299973392,30.9906440001133],[-87.5963839998917,30.989923999963764],[-87.59644800036412,30.989813999783273],[-87.59647299958016,30.989731000354173],[-87.59673500041929,30.989434000283943],[-87.59679200032069,30.9891039999771],[-87.59676700020634,30.9888240001517],[-87.59666400027419,30.98871400024298],[-87.59654299990036,30.98847199984331],[-87.5965040004406,30.98722900022778],[-87.596229000081,30.986783000224975],[-87.59591000023876,30.986783000224975],[-87.59564800029794,30.986640000108995],[-87.59552100007635,30.986316000130383],[-87.59513799976169,30.986117999772933],[-87.59511199982242,30.986123999766455],[-87.5947290004061,30.98579400033198],[-87.59469699972072,30.985463999756085],[-87.59504800024831,30.98516100021052],[-87.59510500014973,30.98496800020674],[-87.59481800009456,30.984556000173384],[-87.5944349997799,30.9842259999364],[-87.59376399958518,30.98405000031891],[-87.59360499957651,30.9839510001507],[-87.59328499990937,30.98339599998958],[-87.5931319997485,30.98303800026127],[-87.5930680001744,30.98243299985541],[-87.59297199991494,30.982102999977624],[-87.5928499997162,30.981636000081384],[-87.5928499997162,30.981376999772152],[-87.59310599980924,30.98110799978615],[-87.5932010002438,30.980794000054402],[-87.5931309999236,30.980463999899783],[-87.59293900030296,30.980305000139058],[-87.59249900008692,30.98027699999876],[-87.5923009997202,30.98018400013395],[-87.5922370001461,30.979941999663517],[-87.59233900025335,30.97975500027997],[-87.59249900008692,30.97957900011764],[-87.59253099987397,30.979392000022806],[-87.59245999972886,30.979061999641143],[-87.59277899957108,30.978560999926138],[-87.59284899989127,30.97836900013152],[-87.59284899989127,30.978181999976318],[-87.59320000041888,30.977741000095065],[-87.59325399994724,30.977695999646812],[-87.59348099972796,30.977510000187532],[-87.59349300032184,30.97743799990204],[-87.59355100004817,30.977103000383842],[-87.59355100004817,30.976987999967754],[-87.59351300041332,30.976993000055696],[-87.59326399999298,30.976750999965812],[-87.59326399999298,30.97671800022112],[-87.59319299984787,30.976498000091027],[-87.5933150000466,30.976273000098587],[-87.59334699983366,30.976240000188618],[-87.59348099972796,30.97607499969732],[-87.59353799962936,30.97595899986271],[-87.59351199969011,30.975667999935983],[-87.59323100038101,30.975474999987572],[-87.59307200037236,30.975393000134748],[-87.59300200005215,30.975365000093763],[-87.59294400032584,30.975111999625906],[-87.59294400032584,30.974671999927402],[-87.59282999962471,30.974459000165723],[-87.59264999969966,30.974121999955265],[-87.59248999986607,30.973929999703227],[-87.59245800007903,30.973352000215762],[-87.59268200038503,30.97287400027164],[-87.59264999969966,30.972659000069093],[-87.59233000003253,30.972329000284905],[-87.59208099961216,30.97184000013153],[-87.59195299956565,30.971360999779964],[-87.5919340001974,30.97129000001699],[-87.5919340001974,30.97094900031105],[-87.59188300014377,30.970739999814747],[-87.59177400036383,30.970542000260206],[-87.5917299999829,30.970425999863643],[-87.59166600040878,30.97017899962523],[-87.59153800036228,30.970091000383853],[-87.59118699983468,30.969936999975648],[-87.59090599962728,30.969661999839325],[-87.59074599979371,30.969348000193847],[-87.59061199989941,30.96906800016886],[-87.59045200006585,30.968577999689714],[-87.59045200006585,30.968435000023717],[-87.59036300037738,30.967968000263603],[-87.59004399963683,30.96755600001701],[-87.58997300039005,30.967275000317223],[-87.58969200018265,30.966922999860873],[-87.589308999868,30.96662599967001],[-87.58905399959988,30.966285000251595],[-87.58905399959988,30.966263000321835],[-87.58886199997926,30.965790000220924],[-87.58879800040515,30.965272999777124],[-87.5888300001922,30.964942999882215],[-87.58888700009362,30.96451900005655],[-87.58867000035863,30.964162000234968],[-87.58867700003132,30.963837000358794],[-87.58888700009362,30.963282000323954],[-87.58889999961409,30.9627260002858],[-87.58905899962275,30.96226399965364],[-87.58911600042246,30.962039000007103],[-87.58914800020952,30.96192900003832],[-87.58911600042246,30.961873999621247],[-87.5890269998357,30.961647999955954],[-87.58895700041381,30.961383999969616],[-87.58895700041381,30.961351000305175],[-87.58912200027025,30.9611260000482],[-87.58940299957933,30.96093299997375],[-87.58941000015034,30.960911000351626],[-87.58953099962586,30.960774000034505],[-87.58963299973311,30.960437999931628],[-87.58972899999256,30.960157999969997],[-87.58995199957533,30.95996500025033],[-87.58994499990263,30.959888000385035],[-87.59004100016212,30.959723000134556],[-87.58995199957533,30.959309999854547],[-87.58991999978828,30.959227999983774],[-87.58988100032853,30.958891999834346],[-87.59007299994916,30.958556999946097],[-87.59042399957843,30.958121999751967],[-87.59051300016522,30.95784199993374],[-87.59089599958155,30.957462000243208],[-87.59118900038281,30.957126000044074],[-87.59131700042933,30.95665899967285],[-87.59135500006417,30.95640599970923],[-87.59138699985122,30.95571800025891],[-87.59135500006417,30.95503600011213],[-87.5911950002306,30.954617999876834],[-87.59109300012335,30.954343000305897],[-87.59093300028977,30.953820999763508],[-87.59093300028977,30.95351300014803],[-87.59109200029843,30.953133000184565],[-87.59141799981336,30.952798000128904],[-87.59182600024236,30.952549999781663],[-87.59185800002942,30.952296999720804],[-87.59166600040878,30.951938999695802],[-87.59160899960906,30.951669999964906],[-87.59173599983069,30.951362000348233],[-87.59198500025101,30.951197000007603],[-87.59266200029353,30.951163999905276],[-87.59303800003717,30.950921999833824],[-87.59329300030531,30.950613000131284],[-87.59351699971297,30.95031600006619],[-87.59383599955521,30.950128999665694],[-87.59415500029574,30.949897999979925],[-87.59418600025789,30.949871000160257],[-87.59418600025789,30.94973300019256],[-87.59411599993767,30.949650999804742],[-87.59389300035492,30.949452999667944],[-87.59380299994322,30.94912799981859],[-87.59380299994322,30.948687999801912],[-87.59390500005048,30.948353000339146],[-87.59390500005048,30.948050000107905],[-87.59406400005915,30.94760499966396],[-87.59438299990137,30.94697199979182],[-87.5944470003738,30.946834000259795],[-87.59446599974204,30.946476999825588],[-87.59459999963636,30.946124999761906],[-87.5948490000567,30.945734000057872],[-87.59488699969152,30.945706999832048],[-87.59488699969152,30.94537099989367],[-87.59501399991314,30.944634000291426],[-87.59546699964966,30.943358000294065],[-87.59574100018438,30.942779999911767],[-87.59581800017726,30.94248300015528],[-87.59581099960624,30.94242800009906],[-87.59600899997297,30.941982999671158],[-87.5960600000266,30.9419270000211],[-87.59616799998163,30.94181199961878],[-87.59648099997607,30.94151000030191],[-87.59670399955884,30.941013999695134],[-87.5967360002442,30.940932000300656],[-87.59686299956749,30.940574000071933],[-87.5973349995706,30.939881000160018],[-87.59775600041839,30.939303999657778],[-87.59791600025196,30.93896800032312],[-87.59800499994043,30.938527999756996],[-87.59800499994043,30.93839000035998],[-87.59811000042073,30.93828700016094],[-87.59819599973613,30.938202999736905],[-87.59822800042149,30.938202999736905],[-87.59845799967695,30.93803799978984],[-87.59935099962952,30.937950000215242],[-87.59970200015714,30.937817999931003],[-87.60071599958523,30.93665699966567],[-87.600945999739,30.93637599999069],[-87.60119400033443,30.93596899978937],[-87.60132800022872,30.93585899985406],[-87.60167899985801,30.935748999792125],[-87.60176900026968,30.935579000288],[-87.60176900026968,30.935330999943496],[-87.60171099964505,30.93508399987438],[-87.60180699990454,30.93494600012876],[-87.60199799970025,30.93475300033467],[-87.602087000287,30.93442299980408],[-87.60242799987056,30.93378900030498],[-87.60278900044388,30.933119999948683],[-87.60308200034684,30.932564000062065],[-87.6031140001339,30.932564000062065],[-87.60308200034684,30.93234900004834],[-87.60295400030033,30.932069000219634],[-87.60278799972066,30.931798999855882],[-87.60282000040603,30.93160099972103],[-87.60298600008738,30.93143599993755],[-87.60327300014255,30.931331999764303],[-87.6033049999296,30.93130399990574],[-87.60346399993826,30.931193999996932],[-87.60352099983967,30.93111199988451],[-87.60352099983967,30.930831000093406],[-87.60368099967324,30.930617000230622],[-87.60387200036725,30.930534000198108],[-87.60422299999654,30.929977999914467],[-87.60438799985297,30.92945600036179],[-87.60451599989949,30.92917500032763],[-87.60473900038058,30.92903799997042],[-87.60482899989394,30.92896099984098],[-87.60489900021416,30.92887799991223],[-87.6048670004271,30.928679999893394],[-87.60489800038924,30.928355999748835],[-87.60505800022281,30.92812399961777],[-87.6052490000185,30.92801999969514],[-87.60530699974483,30.927854999897104],[-87.60533799970698,30.92757399978181],[-87.60553000022591,30.927360000335895],[-87.60575899965646,30.9272220002303],[-87.60582300012886,30.92702399986504],[-87.60579100034182,30.926804000091465],[-87.60582300012886,30.926605999631374],[-87.60635200003338,30.925621000123748],[-87.6066130001493,30.925257999871047],[-87.60696399977859,30.925231000026457],[-87.60705300036534,30.9251210000671],[-87.60724499998597,30.924707999735148],[-87.60743599978169,30.92391000037626],[-87.60750600010188,30.92329400002203],[-87.60749900042919,30.92295300007404],[-87.60769699989758,30.92247999979906],[-87.60773500043074,30.92222199964396],[-87.60763900017126,30.92173200010983],[-87.60830199997008,30.920736000299843],[-87.60827600003081,30.92012599982806],[-87.60842900019168,30.919763000298616],[-87.60865900034545,30.919521000103913],[-87.6090919999905,30.919167999884447],[-87.60960199962844,30.918089999862286],[-87.6097680002081,30.91767199988824],[-87.60992700021676,30.917122000060257],[-87.60992499966862,30.91710699964236],[-87.60989500042972,30.916737000148974],[-87.60995200033113,30.91651699983431],[-87.61017499991388,30.91629100002823],[-87.61055800022854,30.91604400010356],[-87.61062799965042,30.91576899975862],[-87.61068499955181,30.915416000337675],[-87.61074900002424,30.91535000007872],[-87.6109080000329,30.91511400011151],[-87.61094700039095,30.91511400011151],[-87.61138699970871,30.91483300032854],[-87.611520999603,30.914553000083252],[-87.61171200029703,30.91400199968227],[-87.61206200010139,30.913699999617187],[-87.61222199993496,30.913369999655576],[-87.61228499968415,30.91292400002423],[-87.61228499968415,30.911796999867782],[-87.61228399985923,30.91094400026647],[-87.61234199958555,30.910609000340447],[-87.61256500006664,30.910223000018295],[-87.61256500006664,30.91019599978378],[-87.61266700017389,30.910080000116736],[-87.61275599986234,30.909969999691278],[-87.61295300040415,30.90944799962017],[-87.6132660003986,30.909068000219726],[-87.61371800031021,30.908705000354878],[-87.61396699983226,30.908485000070304],[-87.61399899961931,30.908485000070304],[-87.61410099972655,30.908258999790856],[-87.61412599984091,30.907989999700394],[-87.61383899978573,30.907660000086825],[-87.61383899978573,30.907466999953623],[-87.61387700031888,30.907439999712263],[-87.61406800011459,30.907186999735373],[-87.61409999990163,30.907186999735373],[-87.61434900032198,30.906917000042935],[-87.61431699963661,30.906558999647256],[-87.61438000028413,30.90616300006536],[-87.61467400001199,30.90583899995954],[-87.61469900012635,30.90583899995954],[-87.61501799996857,30.905641000040077],[-87.61515199986287,30.90547499972186],[-87.61524099955135,30.90520600028505],[-87.61524099955135,30.90516700004034],[-87.61511300040314,30.905007999826918],[-87.61469900012635,30.90485400012943],[-87.61460899971466,30.904568000254134],[-87.61441100024626,30.90445799965947],[-87.61437899956088,30.90431499962243],[-87.61441100024626,30.904133999948343],[-87.61476199987553,30.90385300029567],[-87.61483200019575,30.90382599980559],[-87.61527200041179,30.903681999889358],[-87.61534199983366,30.903545000019548],[-87.61527200041179,30.903104999887876],[-87.61527200041179,30.902779999735746],[-87.6154559996365,30.90208200020437],[-87.61568599979027,30.901640999787244],[-87.61597200002053,30.90128400020059],[-87.61600399980759,30.901256000025548],[-87.61632299964981,30.900947999872148],[-87.61670599996445,30.90065099969421],[-87.61731799970964,30.900094999928342],[-87.61735000039499,30.900094999928342],[-87.61778999971276,30.899907999970424],[-87.61789199982,30.899880000163755],[-87.61824300034759,30.899956999805088],[-87.61845900025766,30.899956999805088],[-87.61859300015196,30.899880000163755],[-87.61875299998553,30.8994839999288],[-87.61884199967399,30.899186999833862],[-87.61897599956829,30.899104000281064],[-87.61922400016371,30.899076999993156],[-87.61976700031192,30.899274999615464],[-87.6199260003206,30.899273999863684],[-87.62015599957604,30.899070999928096],[-87.62034700027007,30.898657999687437],[-87.62037200038444,30.898657999687437],[-87.62062099990645,30.898383000256178],[-87.62088200002238,30.898328000275132],[-87.62104199985593,30.898196000037583],[-87.62107299981808,30.898046999766837],[-87.62142400034567,30.897888000060195],[-87.621806999762,30.897722999940083],[-87.62186399966342,30.89755699976583],[-87.6218059999371,30.897200000366343],[-87.6217430001879,30.897089999784328],[-87.62183199987635,30.896951999954627],[-87.62212499977933,30.89675400015315],[-87.62212499977933,30.896616999618722],[-87.62202299967207,30.896566999836214],[-87.6218629998385,30.896566999836214],[-87.62164699992843,30.896540000374497],[-87.6213270002613,30.89631500019585],[-87.62123199982673,30.896183000266358],[-87.62123199982673,30.896033999946305],[-87.62107199999316,30.895901999629416],[-87.62091899983228,30.89573699994097],[-87.62088100019746,30.895461999828346],[-87.62091899983228,30.895270000332708],[-87.62110999962799,30.895099000012134],[-87.62133300010908,30.895072000136448],[-87.62164600010352,30.895132000192422],[-87.6218629998385,30.895103999759847],[-87.62189399980065,30.895103999759847],[-87.62221299964288,30.89482400037976],[-87.62221299964288,30.894795999857074],[-87.62224500032822,30.89460399979686],[-87.62203400044103,30.894246000374793],[-87.62200199975567,30.893993000215016],[-87.62202699987002,30.893668999774654],[-87.62202799969495,30.893614000169194],[-87.62174599966264,30.892481000343995],[-87.62152300007986,30.892260999774276],[-87.6213630002463,30.892211000029796],[-87.6212929999261,30.892172999713193],[-87.621229000352,30.891985999700356],[-87.62121099991033,30.891594000063208],[-87.62120300041273,30.89140800029548],[-87.62074999977789,30.890659999786994],[-87.62071799999083,30.890659999786994],[-87.62043099993565,30.890006000062808],[-87.62043000011074,30.889472999885477],[-87.6204689995705,30.88930700005614],[-87.62055800015726,30.888971999956176],[-87.620532000218,30.8886469996254],[-87.62033999969906,30.888262000036203],[-87.62033999969906,30.88806399999728],[-87.62037200038444,30.88806399999728],[-87.62065299969352,30.887816999694216],[-87.62065299969352,30.88776699994238],[-87.6205959997921,30.887669000106325],[-87.62058599974637,30.88766399997043],[-87.62053700024086,30.887640999804354],[-87.62039699960047,30.887596999974125],[-87.62039699960047,30.887568999651098],[-87.62027000027719,30.88740400025208],[-87.6203060002622,30.887335000320977],[-87.62033999969906,30.887272000373997],[-87.62053100039309,30.887040999956938],[-87.62091399980943,30.887014000122107],[-87.62104100003103,30.88695899977839],[-87.62107299981808,30.886875999648357],[-87.62093899992378,30.88671699989501],[-87.62091299998451,30.88663400032622],[-87.62100300039619,30.886578999764293],[-87.62110499960514,30.886550999914622],[-87.62110499960514,30.886523999941677],[-87.62104100003103,30.886249000354887],[-87.62112999971949,30.88608400022382],[-87.62116200040485,30.885858000255876],[-87.62129600029915,30.885831000087595],[-87.6214550003078,30.885534000047045],[-87.62154399999626,30.8854789996244],[-87.62161400031647,30.8854789996244],[-87.62196499994576,30.885451000224066],[-87.62215599974147,30.88522000004101],[-87.62215599974147,30.885033000329127],[-87.62227700011528,30.884895000085052],[-87.62243699994886,30.88486799964533],[-87.6228190004386,30.884895000085052],[-87.6229469995868,30.88484000006645],[-87.62317000006786,30.88467499982116],[-87.62343100018377,30.88459200002481],[-87.62364799991876,30.88459200002481],[-87.62432400013635,30.884536999832246],[-87.62448399996993,30.884482000379034],[-87.62467499976563,30.884371999835995],[-87.62469999988,30.884234000181532],[-87.6245729996584,30.884174000236218],[-87.62429200034931,30.884174000236218],[-87.62425399981616,30.88409100000583],[-87.62434900025073,30.883959000187925],[-87.62454000004642,30.883816000372622],[-87.62473199966705,30.883777999808967],[-87.62500000035396,30.883773000240915],[-87.62531300034841,30.88382800010119],[-87.62538299977031,30.88382800010119],[-87.62543999967171,30.88381199994883],[-87.62550400014412,30.883784000061283],[-87.62589300030656,30.883410000062643],[-87.625981999995,30.883310999705227],[-87.62604599956911,30.882980999830735],[-87.62609800034596,30.882832999709393],[-87.62621899982148,30.882574999836688],[-87.62639100024892,30.88232700009893],[-87.62658899971733,30.882090999665316],[-87.62683200028988,30.881881999939274],[-87.62695899961318,30.88178300031568],[-87.62752100002798,30.881618000201698],[-87.62797999961228,30.880997000070884],[-87.62814600019196,30.880798999663337],[-87.62828000008625,30.880682999841866],[-87.62882200040956,30.88051299963713],[-87.6289239996185,30.880463999875857],[-87.62910299971864,30.880425000346897],[-87.62921099967366,30.880194000379916],[-87.62928199981877,30.88001299982639],[-87.6293260001997,30.879941000107422],[-87.62942199956086,30.879853000291813],[-87.62943499997964,30.879771000128084],[-87.62941599971307,30.879561999966807],[-87.6296140000798,30.87934199979149],[-87.62957600044496,30.879215000175236],[-87.62959499981322,30.87890700006061],[-87.62949299970597,30.87880299984839],[-87.62946099991892,30.878741999619493],[-87.62947400033772,30.878670999683344],[-87.62958200029274,30.878627000358897],[-87.62965900028564,30.878477999710466],[-87.62961999992757,30.878381000364236],[-87.62956999969886,30.878258000130078],[-87.62959499981322,30.878191999694845],[-87.62971600018706,30.877996000377355],[-87.62994600034082,30.877626000053638],[-87.63006099996855,30.87733399992306],[-87.63015100038024,30.8764160000006],[-87.63018300016729,30.876212000194176],[-87.63024699974137,30.876151999850986],[-87.63038700038179,30.875987000062757],[-87.63045799962859,30.875876999789085],[-87.63053399979657,30.875540999755316],[-87.63066199984308,30.875431999741398],[-87.63078300021691,30.87518400001878],[-87.63090000039276,30.87500000000878],[-87.63100199960172,30.874823999702166],[-87.63100199960172,30.874553999733767],[-87.63116200033359,30.874312000126473],[-87.6312259999077,30.873812000340354],[-87.63145500023656,30.873311000235795],[-87.63170399975859,30.873002999648694],[-87.63180599986583,30.872920999791162],[-87.63189600027751,30.872832999696747],[-87.63193399991233,30.872733999975836],[-87.63201699975303,30.872591000369802],[-87.63201699975303,30.872393000325737],[-87.63199199963867,30.872348999660726],[-87.63189000042973,30.872343000234373],[-87.63185100007168,30.872348999660726],[-87.63168600021524,30.87232699970617],[-87.63170499958348,30.872294000150365],[-87.63184500022389,30.872150999887758],[-87.63206199995886,30.871875999910028],[-87.63219599985315,30.871793999859275],[-87.6322469999068,30.871805000283857],[-87.63231700022699,30.87177199977727],[-87.63238699964887,30.871677999930913],[-87.63239400021989,30.871391999667324],[-87.63254700038077,30.871292999999948],[-87.63275700044304,30.87126000008812],[-87.63287200007078,30.87120499995281],[-87.63291700027662,30.871090000128618],[-87.63289200016226,30.86989600021719],[-87.63308999963066,30.869483999919005],[-87.6331349998365,30.869357000345893],[-87.63312800016381,30.86925800011869],[-87.63310300004945,30.869158999789317],[-87.63302600005656,30.8689889999586],[-87.6330350002774,30.86894900031754],[-87.63307100026239,30.86880200018218],[-87.63339000010463,30.868443999942933],[-87.63372800021342,30.868273999615223],[-87.63387499962822,30.868131000294483],[-87.6340920002615,30.86781199991401],[-87.63423200000359,30.867657999775812],[-87.63432200041528,30.8674220002255],[-87.63455800041683,30.866970999710553],[-87.63478799967228,30.866706999759824],[-87.63485100031978,30.866536000113488],[-87.6348710004113,30.866343999700643]]]},"properties":{"GEOID":"1201","NAME":"Congressional District 1","STATE":"12","CD119":"01"}}]}